"identifier","source_phrase","translation","context"
"app.apply_button_click.apply_failed","应用失败","","Application shell, global workflow, and window-level messages. Used in: src/TrackSwap/MainWindow.xaml.cs"
"app.apply_button_click.confirm_apply","确认应用","","Application shell, global workflow, and window-level messages. Used in: src/TrackSwap/MainWindow.xaml.cs"
"app.apply_button_click.exit_steamvr_exit_config","请先完全退出 SteamVR，避免退出时覆盖配置。","","Application shell, global workflow, and window-level messages. Used in: src/TrackSwap/MainWindow.xaml.cs"
"app.apply_button_click.required_device_target","需要明确设备目标","","Application shell, global workflow, and window-level messages. Used in: src/TrackSwap/MainWindow.xaml.cs"
"app.apply_button_click.steamvr_role_target_select_count_online_physical_device_target","旧版 SteamVR 角色目标仅用于查看和维护已有规则。请选择一个明确的在线实体设备作为新目标。","","Application shell, global workflow, and window-level messages. Used in: src/TrackSwap/MainWindow.xaml.cs"
"app.device_name_from_path.device","未知设备","","Application shell, global workflow, and window-level messages. Used in: src/TrackSwap/MainWindow.xaml.cs"
"app.ensure_runtime_started_async.runtime_start_failed","Runtime 启动失败","","Application shell, global workflow, and window-level messages. Used in: src/TrackSwap/MainWindow.xaml.cs"
"app.initialize_localized_fixed_options.output_virtual_controller","输出为虚拟控制器","","Application shell, global workflow, and window-level messages. Used in: src/TrackSwap/MainWindow.xaml.cs"
"app.initialize_localized_fixed_options.output_virtual_hmd","输出为虚拟头显","","Application shell, global workflow, and window-level messages. Used in: src/TrackSwap/MainWindow.xaml.cs"
"app.initialize_localized_fixed_options.output_virtual_tracker","输出为虚拟追踪器","","Application shell, global workflow, and window-level messages. Used in: src/TrackSwap/MainWindow.xaml.cs"
"app.initialize_localized_fixed_options.replace_device_pose","替换现有设备位姿（实验性）","","Application shell, global workflow, and window-level messages. Used in: src/TrackSwap/MainWindow.xaml.cs"
"app.open_vr_view_button_click.not_found_trackswap_vr_view_complete_version","未找到 TrackSwap VR 视图程序。请重新构建或安装完整版本。","","Application shell, global workflow, and window-level messages. Used in: src/TrackSwap/MainWindow.xaml.cs"
"app.refresh_all.load_failed","重新载入失败","","Application shell, global workflow, and window-level messages. Used in: src/TrackSwap/MainWindow.xaml.cs"
"app.refresh_all.not_found_steamvr_vrsettings","未找到 steamvr.vrsettings","","Application shell, global workflow, and window-level messages. Used in: src/TrackSwap/MainWindow.xaml.cs"
"app.refresh_all.online_device_read_failed_config","在线设备读取失败，已回退到配置记录：{0}","","Application shell, global workflow, and window-level messages. Used in: src/TrackSwap/MainWindow.xaml.cs"
"app.refresh_all.scan_device_read_config","重新扫描设备并读取配置","","Application shell, global workflow, and window-level messages. Used in: src/TrackSwap/MainWindow.xaml.cs"
"app.refresh_devices_async.device_scan_failed_preserve_up","实时设备扫描失败，已保留上次结果：{0}","","Application shell, global workflow, and window-level messages. Used in: src/TrackSwap/MainWindow.xaml.cs"
"app.reset_track_swap_async.cleanup_failed_message","清理没有完整完成，剩余项目已停止处理。请查看下方文件位置并重试。

{0}","","Application shell, global workflow, and window-level messages. Used in: src/TrackSwap/MainWindow.xaml.cs"
"app.reset_track_swap_async.confirm_pre_uninstall","确认预卸载准备","","Application shell, global workflow, and window-level messages. Used in: src/TrackSwap/MainWindow.xaml.cs"
"app.reset_track_swap_async.confirm_reset_trackswap","确认重置 TrackSwap VR 数据","","Application shell, global workflow, and window-level messages. Used in: src/TrackSwap/MainWindow.xaml.cs"
"app.reset_track_swap_async.confirmation","{0}

此操作无法撤销，确定继续吗？","","Application shell, global workflow, and window-level messages. Used in: src/TrackSwap/MainWindow.xaml.cs"
"app.show_runtime_offline.available","不可用","","Application shell, global workflow, and window-level messages. Used in: src/TrackSwap/MainWindow.xaml.cs"
"app.show_runtime_offline.cannot_connect_runtime_in_progress_config_save","暂时无法连接 Runtime，正在重试。你的配置仍保存在本地。","","Application shell, global workflow, and window-level messages. Used in: src/TrackSwap/MainWindow.xaml.cs"
"app.show_runtime_offline.cannot_connect_trackswap_runtime","无法连接 TrackSwap VR Runtime：{0}","","Application shell, global workflow, and window-level messages. Used in: src/TrackSwap/MainWindow.xaml.cs"
"app.show_runtime_offline.device_hide_waiting_runtime_driver","设备隐藏正在等待 Runtime 和驱动","","Application shell, global workflow, and window-level messages. Used in: src/TrackSwap/MainWindow.xaml.cs"
"app.show_runtime_offline.runtime_connect","Runtime 未连接","","Application shell, global workflow, and window-level messages. Used in: src/TrackSwap/MainWindow.xaml.cs"
"app.show_runtime_offline.runtime_connect_cannot_read_osc_status","Runtime 未连接，无法读取 OSC 状态","","Application shell, global workflow, and window-level messages. Used in: src/TrackSwap/MainWindow.xaml.cs"
"app.show_runtime_offline.runtime_connect_cannot_read_xinput_status","Runtime 未连接，无法读取 XInput 状态","","Application shell, global workflow, and window-level messages. Used in: src/TrackSwap/MainWindow.xaml.cs"
"app.show_runtime_online.apply_driver","待应用 · driver {0}","","Application shell, global workflow, and window-level messages. Used in: src/TrackSwap/MainWindow.xaml.cs"
"app.show_runtime_online.connect","已连接","","Application shell, global workflow, and window-level messages. Used in: src/TrackSwap/MainWindow.xaml.cs"
"app.show_runtime_online.in_progress_read_runtime_save_config","正在读取 Runtime 中保存的配置，请稍候。","","Application shell, global workflow, and window-level messages. Used in: src/TrackSwap/MainWindow.xaml.cs"
"app.show_runtime_online.runtime_connect","Runtime 已连接","","Application shell, global workflow, and window-level messages. Used in: src/TrackSwap/MainWindow.xaml.cs"
"app.sync_steam_vr_auto_launch_async.steamvr_start_settings","SteamVR 启动设置未同步","","Application shell, global workflow, and window-level messages. Used in: src/TrackSwap/MainWindow.xaml.cs"
"app.sync_steam_vr_auto_launch_async.trackswap_steamvr_start_apply","TrackSwap VR 自身的跟随机制仍会生效，但未能同步 SteamVR 的启动应用列表。

{0}","","Application shell, global workflow, and window-level messages. Used in: src/TrackSwap/MainWindow.xaml.cs"
"app.title","TrackSwap VR","","Application shell, global workflow, and window-level messages. Used in: src/TrackSwap/AppDialog.xaml.cs, src/TrackSwap/MainWindow.xaml"
"app.update_runtime_selection_details.config","配置待同步","","Application shell, global workflow, and window-level messages. Used in: src/TrackSwap/MainWindow.xaml.cs"
"app.update_runtime_selection_details.fixed_steamvr","固定在 SteamVR 站立空间中","","Application shell, global workflow, and window-level messages. Used in: src/TrackSwap/MainWindow.xaml.cs"
"app.update_runtime_selection_details.output_replacement_target","直接输出模式不使用替换目标","","Application shell, global workflow, and window-level messages. Used in: src/TrackSwap/MainWindow.xaml.cs"
"app.update_runtime_selection_details.remove_mapping","待移除映射","","Application shell, global workflow, and window-level messages. Used in: src/TrackSwap/MainWindow.xaml.cs"
"app.update_runtime_selection_details.select_mode","未选择运行模式","","Application shell, global workflow, and window-level messages. Used in: src/TrackSwap/MainWindow.xaml.cs"
"app.update_runtime_selection_details.select_position_source","未选择位置来源","","Application shell, global workflow, and window-level messages. Used in: src/TrackSwap/MainWindow.xaml.cs"
"app.update_runtime_selection_details.select_replacement_target","未选择替换目标","","Application shell, global workflow, and window-level messages. Used in: src/TrackSwap/MainWindow.xaml.cs"
"app.update_runtime_selection_details.select_rotation_source","未选择旋转来源","","Application shell, global workflow, and window-level messages. Used in: src/TrackSwap/MainWindow.xaml.cs"
"app.update_runtime_selection_details.virtual_controller_replacement_target","虚拟控制器模式不使用替换目标","","Application shell, global workflow, and window-level messages. Used in: src/TrackSwap/MainWindow.xaml.cs"
"app.update_runtime_selection_details.waiting_restart_steamvr","等待重启 SteamVR","","Application shell, global workflow, and window-level messages. Used in: src/TrackSwap/MainWindow.xaml.cs"
"app.update_runtime_selection_details.write_mapping","待写入映射","","Application shell, global workflow, and window-level messages. Used in: src/TrackSwap/MainWindow.xaml.cs"
"app.update_selection_details.select_source","未选择来源","","Application shell, global workflow, and window-level messages. Used in: src/TrackSwap/MainWindow.xaml.cs"
"app.update_selection_details.select_target","未选择目标","","Application shell, global workflow, and window-level messages. Used in: src/TrackSwap/MainWindow.xaml.cs"
"app.wait_for_runtime_exit_async.runtime_5_exit_migration_cancel_close_runtime","Runtime 未能在 5 秒内退出，迁移已取消。请关闭 Runtime 后重试。","","Application shell, global workflow, and window-level messages. Used in: src/TrackSwap/MainWindow.xaml.cs"
"backup.restore.close","关闭","","SteamVR backup and restore window. Used in: src/TrackSwap/BackupRestoreWindow.xaml"
"backup.restore.completed_message","TrackingOverrides 配置已恢复。

恢复前快照：{0}","","SteamVR backup and restore window. Used in: src/TrackSwap/BackupRestoreWindow.xaml.cs"
"backup.restore.confirmation","恢复 {0} 的 TrackingOverrides 配置？

{1}

只会替换 TrackingOverrides；当前配置会先自动备份。","","SteamVR backup and restore window. Used in: src/TrackSwap/BackupRestoreWindow.xaml.cs"
"backup.restore.restore","恢复","","SteamVR backup and restore window. Used in: src/TrackSwap/BackupRestoreWindow.xaml, src/TrackSwap/BackupRestoreWindow.xaml.cs"
"backup.restore.restore_backup","恢复备份","","SteamVR backup and restore window. Used in: src/TrackSwap/BackupRestoreWindow.xaml"
"backup.restore.restore_backup_trackswap","恢复备份 · TrackSwap VR","","SteamVR backup and restore window. Used in: src/TrackSwap/BackupRestoreWindow.xaml"
"backup.restore.restore_button_click.confirm_restore","确认恢复","","SteamVR backup and restore window. Used in: src/TrackSwap/BackupRestoreWindow.xaml.cs"
"backup.restore.restore_button_click.exit_steamvr_exit_restore","请先完全退出 SteamVR，避免退出时覆盖恢复结果。","","SteamVR backup and restore window. Used in: src/TrackSwap/BackupRestoreWindow.xaml.cs"
"backup.restore.restore_button_click.restore_complete","恢复完成","","SteamVR backup and restore window. Used in: src/TrackSwap/BackupRestoreWindow.xaml.cs"
"backup.restore.restore_button_click.restore_failed","恢复失败","","SteamVR backup and restore window. Used in: src/TrackSwap/BackupRestoreWindow.xaml.cs"
"backup.restore.restore_pose_mapping_preserve_current_steamvr_settings_restore_backup_cu","仅恢复 TrackingOverrides 规则，保留当前其他 SteamVR 设置。恢复前会备份当前配置。","","SteamVR backup and restore window. Used in: src/TrackSwap/BackupRestoreWindow.xaml"
"backup.restore.trackswap_create_backup","还没有找到 TrackSwap VR 创建的备份。","","SteamVR backup and restore window. Used in: src/TrackSwap/BackupRestoreWindow.xaml"
"backup.rule_count","{0} 条规则","","SteamVR backup and restore window. Used in: src/TrackSwap/Models/BackupOption.cs"
"backup.unreadable","无法读取","","SteamVR backup and restore window. Used in: src/TrackSwap/Models/BackupOption.cs"
"cleanup.close_trackswap","请稍候，不要关闭 TrackSwap VR。","","Destructive cleanup workflow. Used in: src/TrackSwap/MainWindow.xaml"
"cleanup.in_progress_cleanup","正在清理…","","Destructive cleanup workflow. Used in: src/TrackSwap/MainWindow.xaml"
"common.action.disable","停用","","Shared action, value, or status text. Used in: src/TrackSwap/MainWindow.xaml, src/TrackSwap/MainWindow.xaml.cs"
"common.action.edit","编辑","","Shared action, value, or status text. Used in: src/TrackSwap/MainWindow.xaml"
"common.action.enable","启用","","Shared action, value, or status text. Used in: src/TrackSwap/MainWindow.xaml.cs"
"common.action.locate","定位","","Shared action, value, or status text. Used in: src/TrackSwap/MainWindow.xaml"
"common.action.select","请选择","","Shared action, value, or status text. Used in: src/TrackSwap/MainWindow.xaml, src/TrackSwap/MainWindow.xaml.cs"
"common.action.test","测试","","Shared action, value, or status text. Used in: src/TrackSwap/MainWindow.xaml"
"common.count.issues","{0} 个问题","","Shared action, value, or status text. Used in: src/TrackSwap/MainWindow.xaml.cs, src/TrackSwap/Services/DiagnosticsService.cs"
"common.device.hmd","头显","","Shared action, value, or status text. Used in: src/TrackSwap/Services/OpenVrDeviceService.cs, src/TrackSwap/Services/SteamVrSettingsService.cs"
"common.error.apply_failed","无法应用","","Shared action, value, or status text. Used in: src/TrackSwap/MainWindow.xaml.cs"
"common.error.cleanup_failed","清理失败","","Shared action, value, or status text. Used in: src/TrackSwap/MainWindow.xaml.cs"
"common.error.export_failed","导出失败","","Shared action, value, or status text. Used in: src/TrackSwap/MainWindow.xaml.cs"
"common.error.save_failed","无法保存","","Shared action, value, or status text. Used in: src/TrackSwap/MainWindow.xaml.cs"
"common.finger.index","食指","","Shared action, value, or status text. Used in: src/TrackSwap/MainWindow.xaml"
"common.finger.thumb","大拇指","","Shared action, value, or status text. Used in: src/TrackSwap/MainWindow.xaml"
"common.hand.left","左手","","Shared action, value, or status text. Used in: src/TrackSwap/DeviceViewerWindow.xaml.cs, src/TrackSwap/MainWindow.xaml.cs, src/TrackSwap/Services/OpenVrDeviceService.cs, src/TrackSwap/Services/SteamVrSettingsService.cs"
"common.hand.right","右手","","Shared action, value, or status text. Used in: src/TrackSwap/DeviceViewerWindow.xaml.cs, src/TrackSwap/MainWindow.xaml.cs, src/TrackSwap/Services/OpenVrDeviceService.cs, src/TrackSwap/Services/SteamVrSettingsService.cs"
"common.status.checking","正在检查…","","Shared action, value, or status text. Used in: src/TrackSwap/MainWindow.xaml"
"common.status.disconnected","未连接","","Shared action, value, or status text. Used in: src/TrackSwap/MainWindow.xaml.cs"
"common.status.exists","已存在","","Shared action, value, or status text. Used in: src/TrackSwap/MainWindow.xaml.cs"
"common.status.export_complete","导出完成","","Shared action, value, or status text. Used in: src/TrackSwap/MainWindow.xaml.cs"
"common.status.found","已找到","","Shared action, value, or status text. Used in: src/TrackSwap/MainWindow.xaml.cs, src/TrackSwap/Services/DiagnosticsService.cs"
"common.status.offline","离线","","Shared action, value, or status text. Used in: src/TrackSwap/MainWindow.xaml, src/TrackSwap/MainWindow.xaml.cs"
"common.status.online","在线","","Shared action, value, or status text. Used in: src/TrackSwap/MainWindow.xaml.cs"
"common.status.passed","通过","","Shared action, value, or status text. Used in: src/TrackSwap/MainWindow.xaml.cs, src/TrackSwap/Services/DiagnosticsService.cs"
"common.status.registered","已注册","","Shared action, value, or status text. Used in: src/TrackSwap/MainWindow.xaml.cs, src/TrackSwap/Services/DiagnosticsService.cs"
"common.status.running","运行中","","Shared action, value, or status text. Used in: src/TrackSwap/Services/DiagnosticsService.cs"
"common.status.unknown","未知","","Shared action, value, or status text. Used in: src/TrackSwap/DeviceViewerWindow.xaml.cs, src/TrackSwap/MainWindow.xaml, src/TrackSwap/MainWindow.xaml.cs, src/TrackSwap/Services/ConfigurationBackupService.cs, src/TrackSwap/Services/DiagnosticsService.cs"
"common.status.valid","有效","","Shared action, value, or status text. Used in: src/TrackSwap/MainWindow.xaml.cs"
"common.value.none","无","","Shared action, value, or status text. Used in: src/TrackSwap/MainWindow.xaml.cs"
"device_viewer.battery.charging","{0}% · 正在充电","","TrackSwap user interface text. Used in: src/TrackSwap/DeviceViewerWindow.xaml.cs"
"device_viewer.battery.charging_only","正在充电","","TrackSwap user interface text. Used in: src/TrackSwap/DeviceViewerWindow.xaml.cs"
"device_viewer.battery.percent","{0}%","","TrackSwap user interface text. Used in: src/TrackSwap/DeviceViewerWindow.xaml.cs"
"device_viewer.class.controller","控制器","","TrackSwap user interface text. Used in: src/TrackSwap/DeviceViewerWindow.xaml.cs"
"device_viewer.class.display_redirect","显示重定向设备","","TrackSwap user interface text. Used in: src/TrackSwap/DeviceViewerWindow.xaml.cs"
"device_viewer.class.hmd","头显","","TrackSwap user interface text. Used in: src/TrackSwap/DeviceViewerWindow.xaml.cs"
"device_viewer.class.tracker","追踪器","","TrackSwap user interface text. Used in: src/TrackSwap/DeviceViewerWindow.xaml.cs"
"device_viewer.class.tracking_reference","定位基站","","TrackSwap user interface text. Used in: src/TrackSwap/DeviceViewerWindow.xaml.cs"
"device_viewer.connection.wired","有线","","TrackSwap user interface text. Used in: src/TrackSwap/DeviceViewerWindow.xaml.cs"
"device_viewer.connection.wireless","无线","","TrackSwap user interface text. Used in: src/TrackSwap/DeviceViewerWindow.xaml.cs"
"device_viewer.copy.available","复制可用信息","","TrackSwap user interface text. Used in: src/TrackSwap/DeviceViewerWindow.xaml, src/TrackSwap/DeviceViewerWindow.xaml.cs"
"device_viewer.copy.completed","已复制","","TrackSwap user interface text. Used in: src/TrackSwap/DeviceViewerWindow.xaml.cs"
"device_viewer.copy.header","TrackSwap VR 设备信息","","TrackSwap user interface text. Used in: src/TrackSwap/DeviceViewerWindow.xaml.cs"
"device_viewer.copy.line","{0}：{1}","","TrackSwap user interface text. Used in: src/TrackSwap/DeviceViewerWindow.xaml.cs"
"device_viewer.description","选择一个设备来查看相关信息。","","TrackSwap user interface text. Used in: src/TrackSwap/DeviceViewerWindow.xaml, src/TrackSwap/DeviceViewerWindow.xaml.cs, src/TrackSwap/MainWindow.xaml"
"device_viewer.device.unnamed","未命名设备","","TrackSwap user interface text. Used in: src/TrackSwap/DeviceViewerWindow.xaml.cs"
"device_viewer.frequency","{0:0.##} Hz","","TrackSwap user interface text. Used in: src/TrackSwap/DeviceViewerWindow.xaml.cs"
"device_viewer.heading","选择设备","","TrackSwap user interface text. Used in: src/TrackSwap/DeviceViewerWindow.xaml, src/TrackSwap/DeviceViewerWindow.xaml.cs"
"device_viewer.property.battery","电量","","TrackSwap user interface text. Used in: src/TrackSwap/DeviceViewerWindow.xaml, src/TrackSwap/DeviceViewerWindow.xaml.cs"
"device_viewer.property.connection","连接方式","","TrackSwap user interface text. Used in: src/TrackSwap/DeviceViewerWindow.xaml, src/TrackSwap/DeviceViewerWindow.xaml.cs"
"device_viewer.property.controller_type","控制器类型","","TrackSwap user interface text. Used in: src/TrackSwap/DeviceViewerWindow.xaml, src/TrackSwap/DeviceViewerWindow.xaml.cs"
"device_viewer.property.device_type","设备类型","","TrackSwap user interface text. Used in: src/TrackSwap/DeviceViewerWindow.xaml.cs"
"device_viewer.property.firmware","追踪固件","","TrackSwap user interface text. Used in: src/TrackSwap/DeviceViewerWindow.xaml, src/TrackSwap/DeviceViewerWindow.xaml.cs"
"device_viewer.property.hardware","硬件版本","","TrackSwap user interface text. Used in: src/TrackSwap/DeviceViewerWindow.xaml, src/TrackSwap/DeviceViewerWindow.xaml.cs"
"device_viewer.property.index","设备索引","","TrackSwap user interface text. Used in: src/TrackSwap/DeviceViewerWindow.xaml, src/TrackSwap/DeviceViewerWindow.xaml.cs"
"device_viewer.property.manufacturer","制造商","","TrackSwap user interface text. Used in: src/TrackSwap/DeviceViewerWindow.xaml, src/TrackSwap/DeviceViewerWindow.xaml.cs"
"device_viewer.property.mode","工作模式","","TrackSwap user interface text. Used in: src/TrackSwap/DeviceViewerWindow.xaml, src/TrackSwap/DeviceViewerWindow.xaml.cs"
"device_viewer.property.model","型号","","TrackSwap user interface text. Used in: src/TrackSwap/DeviceViewerWindow.xaml, src/TrackSwap/DeviceViewerWindow.xaml.cs"
"device_viewer.property.name","名称","","TrackSwap user interface text. Used in: src/TrackSwap/DeviceViewerWindow.xaml.cs"
"device_viewer.property.note","备注","","TrackSwap user interface text. Used in: src/TrackSwap/DeviceViewerWindow.xaml, src/TrackSwap/DeviceViewerWindow.xaml.cs"
"device_viewer.property.path","设备路径","","TrackSwap user interface text. Used in: src/TrackSwap/DeviceViewerWindow.xaml, src/TrackSwap/DeviceViewerWindow.xaml.cs"
"device_viewer.property.refresh_rate","显示刷新率","","TrackSwap user interface text. Used in: src/TrackSwap/DeviceViewerWindow.xaml, src/TrackSwap/DeviceViewerWindow.xaml.cs"
"device_viewer.property.render_model","渲染模型","","TrackSwap user interface text. Used in: src/TrackSwap/DeviceViewerWindow.xaml, src/TrackSwap/DeviceViewerWindow.xaml.cs"
"device_viewer.property.role","手部角色","","TrackSwap user interface text. Used in: src/TrackSwap/DeviceViewerWindow.xaml, src/TrackSwap/DeviceViewerWindow.xaml.cs"
"device_viewer.property.serial","序列号","","TrackSwap user interface text. Used in: src/TrackSwap/DeviceViewerWindow.xaml, src/TrackSwap/DeviceViewerWindow.xaml.cs"
"device_viewer.property.tracking_range","追踪范围","","TrackSwap user interface text. Used in: src/TrackSwap/DeviceViewerWindow.xaml, src/TrackSwap/DeviceViewerWindow.xaml.cs"
"device_viewer.property.tracking_status","追踪状态","","TrackSwap user interface text. Used in: src/TrackSwap/DeviceViewerWindow.xaml.cs"
"device_viewer.property.tracking_system","追踪系统","","TrackSwap user interface text. Used in: src/TrackSwap/DeviceViewerWindow.xaml, src/TrackSwap/DeviceViewerWindow.xaml.cs"
"device_viewer.reset_view","重置视图","","TrackSwap user interface text. Used in: src/TrackSwap/DeviceViewerWindow.xaml"
"device_viewer.role.stylus","触控笔","","TrackSwap user interface text. Used in: src/TrackSwap/DeviceViewerWindow.xaml.cs"
"device_viewer.role.treadmill","跑步机","","TrackSwap user interface text. Used in: src/TrackSwap/DeviceViewerWindow.xaml.cs"
"device_viewer.selection.summary","{0} · {1}","","TrackSwap user interface text. Used in: src/TrackSwap/DeviceViewerWindow.xaml.cs"
"device_viewer.status.live","已连接 · {0} 台设备","","TrackSwap user interface text. Used in: src/TrackSwap/DeviceViewerWindow.xaml.cs"
"device_viewer.status.unavailable","设备场景暂不可用","","TrackSwap user interface text. Used in: src/TrackSwap/DeviceViewerWindow.xaml.cs"
"device_viewer.status.waiting","等待 SteamVR…","","TrackSwap user interface text. Used in: src/TrackSwap/DeviceViewerWindow.xaml, src/TrackSwap/DeviceViewerWindow.xaml.cs"
"device_viewer.technical.hide","收起技术信息","","TrackSwap user interface text. Used in: src/TrackSwap/DeviceViewerWindow.xaml.cs"
"device_viewer.technical.show","技术信息","","TrackSwap user interface text. Used in: src/TrackSwap/DeviceViewerWindow.xaml, src/TrackSwap/DeviceViewerWindow.xaml.cs"
"device_viewer.title","设备查看 · TrackSwap VR","","TrackSwap user interface text. Used in: src/TrackSwap/DeviceViewerWindow.xaml"
"device_viewer.tracking_range.both","{0:0.##}–{1:0.##} 米","","TrackSwap user interface text. Used in: src/TrackSwap/DeviceViewerWindow.xaml.cs"
"device_viewer.tracking_range.maximum","最远 {0:0.##} 米","","TrackSwap user interface text. Used in: src/TrackSwap/DeviceViewerWindow.xaml.cs"
"device_viewer.tracking_range.minimum","最近 {0:0.##} 米","","TrackSwap user interface text. Used in: src/TrackSwap/DeviceViewerWindow.xaml.cs"
"device_viewer.tracking.calibrating","正在校准","","TrackSwap user interface text. Used in: src/TrackSwap/DeviceViewerWindow.xaml.cs"
"device_viewer.tracking.disconnected","已断开","","TrackSwap user interface text. Used in: src/TrackSwap/DeviceViewerWindow.xaml.cs"
"device_viewer.tracking.no_pose","暂无有效位姿","","TrackSwap user interface text. Used in: src/TrackSwap/DeviceViewerWindow.xaml.cs"
"device_viewer.tracking.ok","正常追踪","","TrackSwap user interface text. Used in: src/TrackSwap/DeviceViewerWindow.xaml.cs"
"device_viewer.tracking.out_of_range","超出追踪范围","","TrackSwap user interface text. Used in: src/TrackSwap/DeviceViewerWindow.xaml.cs"
"device_viewer.tracking.rotation_only","仅旋转追踪","","TrackSwap user interface text. Used in: src/TrackSwap/DeviceViewerWindow.xaml.cs"
"device.status.offline","离线 · {0}","","Tracked-device discovery and status. Used in: src/TrackSwap/MainWindow.xaml.cs, src/TrackSwap/Models/DeviceOption.cs"
"device.status.online","在线 · {0}","","Tracked-device discovery and status. Used in: src/TrackSwap/MainWindow.xaml.cs, src/TrackSwap/Models/DeviceOption.cs"
"device.status.saved","已保存设备 · {0}","","Tracked-device discovery and status. Used in: src/TrackSwap/Models/DeviceOption.cs, src/TrackSwap/Services/SteamVrSettingsService.cs"
"dialog.cancel","取消","","Shared application dialog controls. Used in: src/TrackSwap/AppDialog.xaml.cs, src/TrackSwap/DeviceMetadataWindow.xaml, src/TrackSwap/MainWindow.xaml.cs"
"dialog.no","否","","Shared application dialog controls. Used in: src/TrackSwap/AppDialog.xaml.cs"
"dialog.ok","确定","","Shared application dialog controls. Used in: src/TrackSwap/AppDialog.xaml.cs"
"dialog.yes","是","","Shared application dialog controls. Used in: src/TrackSwap/AppDialog.xaml.cs"
"language.copied","已复制：{0}","","Language selection and translation diagnostics. Used in: src/TrackSwap/MainWindow.xaml.cs"
"language.copy_hint","复制键值","","Language selection and translation diagnostics. Used in: src/TrackSwap/MainWindow.xaml.cs"
"language.current.description","请使用 JSON 文件。请勿使用不信任的语言文件。","","Language selection and translation diagnostics. Used in: src/TrackSwap/MainWindow.xaml"
"language.current.title","界面语言","","Language selection and translation diagnostics. Used in: src/TrackSwap/MainWindow.xaml"
"language.description","修改 TrackSwap VR 界面语言。","","Language selection and translation diagnostics. Used in: src/TrackSwap/MainWindow.xaml"
"language.export_template","导出翻译模板","","Language selection and translation diagnostics. Used in: src/TrackSwap/MainWindow.xaml"
"language.issue.invalid","无效","","Language selection and translation diagnostics. Used in: src/TrackSwap/MainWindow.xaml.cs"
"language.issue.missing","缺失","","Language selection and translation diagnostics. Used in: src/TrackSwap/MainWindow.xaml.cs"
"language.issue.unknown","未知","","Language selection and translation diagnostics. Used in: src/TrackSwap/MainWindow.xaml.cs"
"language.issues.collapse","收起","","Language selection and translation diagnostics. Used in: src/TrackSwap/MainWindow.xaml.cs"
"language.issues.column.key","键名","","Language selection and translation diagnostics. Used in: src/TrackSwap/MainWindow.xaml"
"language.issues.column.status","状态","","Language selection and translation diagnostics. Used in: src/TrackSwap/MainWindow.xaml"
"language.issues.description","在这里查看当前语言缺失、无效或未知的翻译问题。","","Language selection and translation diagnostics. Used in: src/TrackSwap/MainWindow.xaml"
"language.issues.empty","暂未发现翻译问题。","","Language selection and translation diagnostics. Used in: src/TrackSwap/MainWindow.xaml"
"language.issues.expand","展开","","Language selection and translation diagnostics. Used in: src/TrackSwap/MainWindow.xaml.cs"
"language.issues.title","翻译检查","","Language selection and translation diagnostics. Used in: src/TrackSwap/MainWindow.xaml"
"language.issues.updating","稍后","","Language selection and translation diagnostics. Used in: src/TrackSwap/MainWindow.xaml.cs"
"language.open_folder","打开语言文件夹","","Language selection and translation diagnostics. Used in: src/TrackSwap/MainWindow.xaml"
"language.path","语言包位置","","Language selection and translation diagnostics. Used in: src/TrackSwap/MainWindow.xaml"
"language.refresh","刷新语言","","Language selection and translation diagnostics. Used in: src/TrackSwap/MainWindow.xaml, src/TrackSwap/MainWindow.xaml.cs"
"language.refresh.failure_title","无法刷新语言","","Language selection and translation diagnostics. Used in: src/TrackSwap/MainWindow.xaml.cs"
"language.template.dialog_title","导出翻译模板","","Language selection and translation diagnostics. Used in: src/TrackSwap/MainWindow.xaml.cs"
"language.template.failure_title","无法导出模板","","Language selection and translation diagnostics. Used in: src/TrackSwap/MainWindow.xaml.cs"
"language.template.success","翻译模板已保存到：
{0}","","Language selection and translation diagnostics. Used in: src/TrackSwap/MainWindow.xaml.cs"
"language.template.success_title","模板已导出","","Language selection and translation diagnostics. Used in: src/TrackSwap/MainWindow.xaml.cs"
"language.title","语言","","Language selection and translation diagnostics. Used in: src/TrackSwap/MainWindow.xaml"
"nav.device_viewer","设备查看","","Main navigation. Used in: src/TrackSwap/MainWindow.xaml"
"nav.settings","设置","","Main navigation. Used in: src/TrackSwap/MainWindow.xaml"
"navigation.rename_route_menu_item","重命名","","Main navigation. Used in: src/TrackSwap/MainWindow.xaml"
"navigation.toggle_route_menu_item_enable_disable","启用 / 停用","","Main navigation. Used in: src/TrackSwap/MainWindow.xaml"
"preview.status.live","实时","","Real-time pose or telemetry preview. Used in: src/TrackSwap/MainWindow.xaml, src/TrackSwap/MainWindow.xaml.cs"
"preview.telemetry.paused","遥测暂停","","Real-time pose or telemetry preview. Used in: src/TrackSwap/MainWindow.xaml.cs"
"preview.telemetry.retrying","遥测重试…","","Real-time pose or telemetry preview. Used in: src/TrackSwap/MainWindow.xaml.cs"
"route.action.delete","删除配置","","Route editing, validation, and lifecycle status. Used in: src/TrackSwap/MainWindow.xaml, src/TrackSwap/MainWindow.xaml.cs"
"route.action.delete_ellipsis","删除配置…","","Route editing, validation, and lifecycle status. Used in: src/TrackSwap/MainWindow.xaml, src/TrackSwap/MainWindow.xaml.cs"
"route.add","＋ 新增","","Route editing, validation, and lifecycle status. Used in: src/TrackSwap/MainWindow.xaml, src/TrackSwap/MainWindow.xaml.cs"
"route.add_route_button_click.cannot","无法新增","","Route editing, validation, and lifecycle status. Used in: src/TrackSwap/MainWindow.xaml.cs"
"route.apply_route_editor_automatically_async.in_progress_apply","正在应用…","","Route editing, validation, and lifecycle status. Used in: src/TrackSwap/MainWindow.xaml.cs"
"route.apply_runtime_configuration_async.apply_failed","运行时路由应用失败","","Route editing, validation, and lifecycle status. Used in: src/TrackSwap/MainWindow.xaml.cs"
"route.apply_runtime_configuration_async.automatic_apply_failed","自动应用失败","","Route editing, validation, and lifecycle status. Used in: src/TrackSwap/MainWindow.xaml.cs"
"route.apply_runtime_configuration_async.cannot_apply_config_item_read_item_device_role","无法应用：该配置会让一条路由读取另一条路由已经覆盖的设备角色，形成级联移动。

{0}","","Route editing, validation, and lifecycle status. Used in: src/TrackSwap/MainWindow.xaml.cs"
"route.apply_runtime_configuration_async.config_invalid","运行时配置无效","","Route editing, validation, and lifecycle status. Used in: src/TrackSwap/MainWindow.xaml.cs"
"route.apply_runtime_configuration_async.config_pose","跨配置的位姿级联","","Route editing, validation, and lifecycle status. Used in: src/TrackSwap/MainWindow.xaml.cs"
"route.apply_runtime_configuration_async.config_save_exit_steamvr_automatic_write_static_mapping","运行时配置已保存。退出 SteamVR 后将自动写入静态映射。","","Route editing, validation, and lifecycle status. Used in: src/TrackSwap/MainWindow.xaml.cs"
"route.apply_runtime_configuration_async.confirm_switch_pose_source","确认切换位姿来源","","Route editing, validation, and lifecycle status. Used in: src/TrackSwap/MainWindow.xaml.cs"
"route.apply_runtime_configuration_async.in_progress_submit","正在提交…","","Route editing, validation, and lifecycle status. Used in: src/TrackSwap/MainWindow.xaml.cs"
"route.apply_runtime_configuration_async.runtime_connect_select_complete","Runtime 未连接，或尚未选择完整路由。","","Route editing, validation, and lifecycle status. Used in: src/TrackSwap/MainWindow.xaml.cs"
"route.apply_runtime_configuration_async.virtual_hmd_config_save_exit_start_steamvr","虚拟头显配置已保存。完全退出并重新启动 SteamVR 后生效。","","Route editing, validation, and lifecycle status. Used in: src/TrackSwap/MainWindow.xaml.cs"
"route.build_configured_runtime_target_name.config_target","已配置目标","","Route editing, validation, and lifecycle status. Used in: src/TrackSwap/MainWindow.xaml.cs"
"route.build_configured_runtime_target_name.role_target_hmd_physical_device","旧角色目标 · 头显（请改选实体设备）","","Route editing, validation, and lifecycle status. Used in: src/TrackSwap/MainWindow.xaml.cs"
"route.build_configured_runtime_target_name.role_target_left_physical_device","旧角色目标 · 左手（请改选实体设备）","","Route editing, validation, and lifecycle status. Used in: src/TrackSwap/MainWindow.xaml.cs"
"route.build_configured_runtime_target_name.role_target_right_physical_device","旧角色目标 · 右手（请改选实体设备）","","Route editing, validation, and lifecycle status. Used in: src/TrackSwap/MainWindow.xaml.cs"
"route.build_targets.steamvr_role_hmd","SteamVR 角色 · 头显","","Route editing, validation, and lifecycle status. Used in: src/TrackSwap/MainWindow.xaml.cs"
"route.build_targets.steamvr_role_left","SteamVR 角色 · 左手","","Route editing, validation, and lifecycle status. Used in: src/TrackSwap/MainWindow.xaml.cs"
"route.build_targets.steamvr_role_right","SteamVR 角色 · 右手","","Route editing, validation, and lifecycle status. Used in: src/TrackSwap/MainWindow.xaml.cs"
"route.controller.select_hand","请选择控制器侧别","","Route editing, validation, and lifecycle status. Used in: src/TrackSwap/MainWindow.xaml, src/TrackSwap/MainWindow.xaml.cs"
"route.default_name","新配置","","Route editing, validation, and lifecycle status. Used in: src/TrackSwap/MainWindow.xaml, src/TrackSwap/MainWindow.xaml.cs"
"route.default_name_numbered","新配置 ({0})","","Route editing, validation, and lifecycle status. Used in: src/TrackSwap/MainWindow.xaml.cs"
"route.delete_route_menu_item_click.delete","标记为待删除","","Route editing, validation, and lifecycle status. Used in: src/TrackSwap/MainWindow.xaml.cs"
"route.delete_route_menu_item_click.tracker","代理追踪器","","Route editing, validation, and lifecycle status. Used in: src/TrackSwap/MainWindow.xaml.cs"
"route.delete_route_menu_item_click.virtual_controller","虚拟控制器","","Route editing, validation, and lifecycle status. Used in: src/TrackSwap/MainWindow.xaml.cs"
"route.delete_route_menu_item_click.virtual_hmd","虚拟头显","","Route editing, validation, and lifecycle status. Used in: src/TrackSwap/MainWindow.xaml.cs"
"route.delete_route_menu_item_click.virtual_tracker","虚拟追踪器","","Route editing, validation, and lifecycle status. Used in: src/TrackSwap/MainWindow.xaml.cs"
"route.delete.direct_confirmation","确定删除配置“{0}”？对应{1}将立即停止输出。","","Route editing, validation, and lifecycle status. Used in: src/TrackSwap/MainWindow.xaml.cs"
"route.delete.mapping_confirmation","确定删除配置“{0}”？TrackSwap VR 将清理对应的静态绑定。","","Route editing, validation, and lifecycle status. Used in: src/TrackSwap/MainWindow.xaml.cs"
"route.delete.pending_cleanup_notice","SteamVR 正在运行。配置会先标记为“待删除”并继续输出，避免目标立即失去定位。完全退出 SteamVR 后，TrackSwap VR 将自动清理静态绑定并完成删除。","","Route editing, validation, and lifecycle status. Used in: src/TrackSwap/MainWindow.xaml.cs"
"route.editor.3_d_pose_preview","3D 位姿预览","","Route editing, validation, and lifecycle status. Used in: src/TrackSwap/MainWindow.xaml"
"route.editor.config","编辑配置","","Route editing, validation, and lifecycle status. Used in: src/TrackSwap/MainWindow.xaml"
"route.editor.control_input_source","控制输入来源","","Route editing, validation, and lifecycle status. Used in: src/TrackSwap/MainWindow.xaml"
"route.editor.controller","控制器侧别","","Route editing, validation, and lifecycle status. Used in: src/TrackSwap/MainWindow.xaml"
"route.editor.gizmo_hidden_hide","隐藏","","Route editing, validation, and lifecycle status. Used in: src/TrackSwap/MainWindow.xaml"
"route.editor.gizmo_rotate_rotation","旋转","","Route editing, validation, and lifecycle status. Used in: src/TrackSwap/MainWindow.xaml"
"route.editor.gizmo_translate","移动","","Route editing, validation, and lifecycle status. Used in: src/TrackSwap/MainWindow.xaml"
"route.editor.hide_pose_source_device","隐藏物理位姿来源设备","","Route editing, validation, and lifecycle status. Used in: src/TrackSwap/MainWindow.xaml"
"route.editor.mode","运行模式","","Route editing, validation, and lifecycle status. Used in: src/TrackSwap/MainWindow.xaml"
"route.editor.offset_translation_xtext_box_x_right","X · 右","","Route editing, validation, and lifecycle status. Used in: src/TrackSwap/MainWindow.xaml"
"route.editor.offset_translation_ytext_box_y_up","Y · 上","","Route editing, validation, and lifecycle status. Used in: src/TrackSwap/MainWindow.xaml"
"route.editor.offset_translation_ztext_box_z","Z · 后","","Route editing, validation, and lifecycle status. Used in: src/TrackSwap/MainWindow.xaml"
"route.editor.open_steamvr_room_setup","打开 SteamVR 房间设置","","Route editing, validation, and lifecycle status. Used in: src/TrackSwap/MainWindow.xaml"
"route.editor.open_vr_view","打开 VR 视图","","Route editing, validation, and lifecycle status. Used in: src/TrackSwap/MainWindow.xaml"
"route.editor.position_centimetres","位置（厘米）","","Route editing, validation, and lifecycle status. Used in: src/TrackSwap/MainWindow.xaml"
"route.editor.position_source","位置来源","","Route editing, validation, and lifecycle status. Used in: src/TrackSwap/MainWindow.xaml"
"route.editor.preview_show_position_rotation","在预览中显示用于调整位置或旋转的三轴工具。","","Route editing, validation, and lifecycle status. Used in: src/TrackSwap/MainWindow.xaml"
"route.editor.replacement_target","替换目标","","Route editing, validation, and lifecycle status. Used in: src/TrackSwap/MainWindow.xaml"
"route.editor.reset","重置","","Route editing, validation, and lifecycle status. Used in: src/TrackSwap/MainWindow.xaml"
"route.editor.reset_view","重置视图","","Route editing, validation, and lifecycle status. Used in: src/TrackSwap/MainWindow.xaml"
"route.editor.rotation","旋转","","Route editing, validation, and lifecycle status. Used in: src/TrackSwap/MainWindow.xaml"
"route.editor.rotation_mode.euler","欧拉角","","Route editing, validation, and lifecycle status. Used in: src/TrackSwap/MainWindow.xaml"
"route.editor.rotation_mode.quaternion","四元数","","Route editing, validation, and lifecycle status. Used in: src/TrackSwap/MainWindow.xaml"
"route.editor.rotation_source","旋转来源","","Route editing, validation, and lifecycle status. Used in: src/TrackSwap/MainWindow.xaml"
"route.editor.source","拆分来源","","Route editing, validation, and lifecycle status. Used in: src/TrackSwap/MainWindow.xaml"
"route.empty","暂无配置，请新建。","","Route editing, validation, and lifecycle status. Used in: src/TrackSwap/MainWindow.xaml"
"route.hide_physical_source_check_box_click.hide_hmd_pose","隐藏头显位姿","","Route editing, validation, and lifecycle status. Used in: src/TrackSwap/MainWindow.xaml.cs"
"route.limit.message","最多支持 {0} 条路由。","","Route editing, validation, and lifecycle status. Used in: src/TrackSwap/MainWindow.xaml.cs"
"route.list.title","配置列表","","Route editing, validation, and lifecycle status. Used in: src/TrackSwap/MainWindow.xaml"
"route.motion_smoothing.link_strengths","同步调整","","Route editing, validation, and lifecycle status. Used in: src/TrackSwap/MainWindow.xaml"
"route.motion_smoothing.position","位置","","Route editing, validation, and lifecycle status. Used in: src/TrackSwap/MainWindow.xaml"
"route.motion_smoothing.rotation","旋转","","Route editing, validation, and lifecycle status. Used in: src/TrackSwap/MainWindow.xaml"
"route.motion_smoothing.title","运动平滑","","Route editing, validation, and lifecycle status. Used in: src/TrackSwap/MainWindow.xaml"
"route.output_device","输出设备","","Route editing, validation, and lifecycle status. Used in: src/TrackSwap/MainWindow.xaml"
"route.persist_working_routes_async.save_config_failed","保存配置失败","","Route editing, validation, and lifecycle status. Used in: src/TrackSwap/MainWindow.xaml.cs"
"route.physical_source_hiding.hmd_confirmation","当前位姿来源是头显。启用后，SteamVR 中的实体头显位姿会被移动到极高处，视角也会随之离开正常游玩区域。

确定继续吗？","","Route editing, validation, and lifecycle status. Used in: src/TrackSwap/MainWindow.xaml.cs"
"route.pose_offset.invalid_format","偏移格式无效","","Route editing, validation, and lifecycle status. Used in: src/TrackSwap/MainWindow.xaml.cs"
"route.pose_offset.title","局部位姿偏移","","Route editing, validation, and lifecycle status. Used in: src/TrackSwap/MainWindow.xaml, src/TrackSwap/MainWindow.xaml.cs"
"route.preview.adjustment_tools","调整工具","","Route editing, validation, and lifecycle status. Used in: src/TrackSwap/MainWindow.xaml"
"route.preview.describe_pose_source.select","未选择","","Route editing, validation, and lifecycle status. Used in: src/TrackSwap/MainWindow.xaml.cs"
"route.preview.output_target_distance"," · 输出→目标 {0} m","","Route editing, validation, and lifecycle status. Used in: src/TrackSwap/MainWindow.xaml.cs"
"route.preview.pose_health.pose","无有效位姿","","Route editing, validation, and lifecycle status. Used in: src/TrackSwap/MainWindow.xaml.cs"
"route.preview.refresh_preview_device_models_async.model","代理模型：内置回退","","Route editing, validation, and lifecycle status. Used in: src/TrackSwap/MainWindow.xaml.cs"
"route.preview.refresh_preview_device_models_async.model_hide","代理模型：已隐藏","","Route editing, validation, and lifecycle status. Used in: src/TrackSwap/MainWindow.xaml.cs"
"route.preview.refresh_preview_device_models_async.model_steamvr","代理模型：SteamVR {0}","","Route editing, validation, and lifecycle status. Used in: src/TrackSwap/MainWindow.xaml.cs"
"route.preview.refresh_preview_device_models_async.position_source_model","位置来源模型：内置回退","","Route editing, validation, and lifecycle status. Used in: src/TrackSwap/MainWindow.xaml.cs"
"route.preview.refresh_preview_device_models_async.position_source_model_manual_pose","位置来源模型：无（手动位姿）","","Route editing, validation, and lifecycle status. Used in: src/TrackSwap/MainWindow.xaml.cs"
"route.preview.refresh_preview_device_models_async.position_source_model_steamvr","位置来源模型：SteamVR {0}","","Route editing, validation, and lifecycle status. Used in: src/TrackSwap/MainWindow.xaml.cs"
"route.preview.refresh_preview_device_models_async.rotation_source_model","旋转来源模型：内置回退","","Route editing, validation, and lifecycle status. Used in: src/TrackSwap/MainWindow.xaml.cs"
"route.preview.refresh_preview_device_models_async.rotation_source_model_position_source","旋转来源模型：与位置来源相同","","Route editing, validation, and lifecycle status. Used in: src/TrackSwap/MainWindow.xaml.cs"
"route.preview.refresh_preview_device_models_async.rotation_source_model_steamvr","旋转来源模型：SteamVR {0}","","Route editing, validation, and lifecycle status. Used in: src/TrackSwap/MainWindow.xaml.cs"
"route.preview.refresh_preview_device_models_async.target_model","目标模型：内置回退","","Route editing, validation, and lifecycle status. Used in: src/TrackSwap/MainWindow.xaml.cs"
"route.preview.refresh_preview_device_models_async.target_model_output","目标模型：无（直接输出）","","Route editing, validation, and lifecycle status. Used in: src/TrackSwap/MainWindow.xaml.cs"
"route.preview.refresh_preview_device_models_async.target_model_steamvr","目标模型：SteamVR {0}","","Route editing, validation, and lifecycle status. Used in: src/TrackSwap/MainWindow.xaml.cs"
"route.preview.refresh_telemetry_async.preserve","保留最后有效画面：{0}","","Route editing, validation, and lifecycle status. Used in: src/TrackSwap/MainWindow.xaml.cs"
"route.preview.telemetry_summary","输出 {0} · 位置来源 {1} · 目标 {2} · 来源局部空间","","Route editing, validation, and lifecycle status. Used in: src/TrackSwap/MainWindow.xaml.cs"
"route.preview.telemetry_summary.manual","输出 {0} · 手动位姿 · 目标 {1} · 来源局部空间","","Route editing, validation, and lifecycle status. Used in: src/TrackSwap/MainWindow.xaml.cs"
"route.preview.telemetry_summary.split","输出 {0} · 位置来源 {1} · 旋转来源 {2} · 目标 {3} · 来源局部空间","","Route editing, validation, and lifecycle status. Used in: src/TrackSwap/MainWindow.xaml.cs"
"route.preview.telemetry_with_offset","{0} · 实际偏移 ({1}, {2}, {3}) m","","Route editing, validation, and lifecycle status. Used in: src/TrackSwap/MainWindow.xaml.cs"
"route.preview.try_read_offset.offset_required","所有偏移字段都必须是有限数字。","","Route editing, validation, and lifecycle status. Used in: src/TrackSwap/MainWindow.xaml.cs"
"route.preview.try_read_offset.rotation_quaternion_cannot","旋转四元数不能为零。","","Route editing, validation, and lifecycle status. Used in: src/TrackSwap/MainWindow.xaml.cs"
"route.prompt_for_route_name.config","重命名配置","","Route editing, validation, and lifecycle status. Used in: src/TrackSwap/MainWindow.xaml.cs"
"route.prompt_for_route_name.config_name","配置名称","","Route editing, validation, and lifecycle status. Used in: src/TrackSwap/MainWindow.xaml.cs"
"route.prompt_for_route_name.name_invalid","名称无效","","Route editing, validation, and lifecycle status. Used in: src/TrackSwap/MainWindow.xaml.cs"
"route.prompt_for_route_name.name_required_1_64_count","名称必须包含 1–64 个字符。","","Route editing, validation, and lifecycle status. Used in: src/TrackSwap/MainWindow.xaml.cs"
"route.prompt_for_route_name.save","保存","","Route editing, validation, and lifecycle status. Used in: src/TrackSwap/MainWindow.xaml.cs"
"route.refresh_route_list.config","已配置","","Route editing, validation, and lifecycle status. Used in: src/TrackSwap/MainWindow.xaml.cs"
"route.refresh_route_list.disable","已停用","","Route editing, validation, and lifecycle status. Used in: src/TrackSwap/MainWindow.xaml.cs"
"route.refresh_route_list.restart_steamvr","待重启 SteamVR","","Route editing, validation, and lifecycle status. Used in: src/TrackSwap/MainWindow.xaml.cs"
"route.rename_route_menu_item_click.cannot","无法重命名","","Route editing, validation, and lifecycle status. Used in: src/TrackSwap/MainWindow.xaml.cs"
"route.rename_route_menu_item_click.config_name_cannot","配置名称不能重复。","","Route editing, validation, and lifecycle status. Used in: src/TrackSwap/MainWindow.xaml.cs"
"route.rotation_source.same_as_position","与位置来源相同","","Route editing, validation, and lifecycle status. Used in: src/TrackSwap/MainWindow.xaml, src/TrackSwap/MainWindow.xaml.cs"
"route.select_mode","请选择运行模式","","Route editing, validation, and lifecycle status. Used in: src/TrackSwap/MainWindow.xaml.cs, src/TrackSwap/Models/RouteListItem.cs"
"route.show_selected_route.select_mode","请选择运行模式","","Route editing, validation, and lifecycle status. Used in: src/TrackSwap/MainWindow.xaml.cs"
"route.show_steam_vr_role_targets_check_box_click.cannot_save_advanced","无法保存高级选项","","Route editing, validation, and lifecycle status. Used in: src/TrackSwap/MainWindow.xaml.cs"
"route.source_switch.confirmation","此操作不仅会更新位姿，还会切换位姿来源。

{0}","","Route editing, validation, and lifecycle status. Used in: src/TrackSwap/MainWindow.xaml.cs"
"route.source_switch.position","位置：{0}
→ {1}","","Route editing, validation, and lifecycle status. Used in: src/TrackSwap/MainWindow.xaml.cs"
"route.source_switch.rotation","旋转：{0}
→ {1}","","Route editing, validation, and lifecycle status. Used in: src/TrackSwap/MainWindow.xaml.cs"
"route.source.manual_pose","手动位姿","","Route editing, validation, and lifecycle status. Used in: src/TrackSwap/MainWindow.xaml.cs"
"route.status.applied","已应用","","Route editing, validation, and lifecycle status. Used in: src/TrackSwap/MainWindow.xaml.cs"
"route.status.mode_change_pending","运行模式将在应用后切换。若需要增删静态映射，TrackSwap VR 会在 SteamVR 完全退出后自动完成。","","Route editing, validation, and lifecycle status. Used in: src/TrackSwap/MainWindow.xaml.cs"
"route.status.pending_apply","待应用","","Route editing, validation, and lifecycle status. Used in: src/TrackSwap/MainWindow.xaml, src/TrackSwap/MainWindow.xaml.cs"
"route.status.pending_delete","待删除","","Route editing, validation, and lifecycle status. Used in: src/TrackSwap/MainWindow.xaml.cs"
"route.status.pending_mapping","待映射","","Route editing, validation, and lifecycle status. Used in: src/TrackSwap/MainWindow.xaml.cs"
"route.status.pending_unmapping","待解除映射","","Route editing, validation, and lifecycle status. Used in: src/TrackSwap/MainWindow.xaml.cs"
"route.status.static_mapping_removal_pending","直接输出模式已保存。退出 SteamVR 后将自动移除旧的静态映射。","","Route editing, validation, and lifecycle status. Used in: src/TrackSwap/MainWindow.xaml.cs"
"route.status.synchronized","配置已同步","","Route editing, validation, and lifecycle status. Used in: src/TrackSwap/MainWindow.xaml.cs"
"route.status.virtual_hmd_restart_required","虚拟头显的注册状态将在 SteamVR 完全退出后更新；需要重新启动 SteamVR 才会生效。","","Route editing, validation, and lifecycle status. Used in: src/TrackSwap/MainWindow.xaml.cs"
"route.toggle_selected_route_async.cannot_delete","无法删除","","Route editing, validation, and lifecycle status. Used in: src/TrackSwap/MainWindow.xaml.cs"
"route.toggle_selected_route_async.cannot_enable_config_item_read_item_device_role","无法启用：该配置会让一条路由读取另一条路由已经覆盖的设备角色，形成级联移动。

{0}","","Route editing, validation, and lifecycle status. Used in: src/TrackSwap/MainWindow.xaml.cs"
"route.toggle_selected_route_async.confirm_disable","确认停用","","Route editing, validation, and lifecycle status. Used in: src/TrackSwap/MainWindow.xaml.cs"
"route.toggle_selected_route_async.disable_stop_output_steamvr_static_mapping_target","停用后虚拟代理会立即停止输出，但 SteamVR 静态映射仍然生效，因此对应目标会暂时失去定位。是否继续？","","Route editing, validation, and lifecycle status. Used in: src/TrackSwap/MainWindow.xaml.cs"
"route.toggle_selected_route_async.pose","检测到跨路由位姿级联","","Route editing, validation, and lifecycle status. Used in: src/TrackSwap/MainWindow.xaml.cs"
"route.toggle_selected_route_async.required_migration_target","需要迁移目标","","Route editing, validation, and lifecycle status. Used in: src/TrackSwap/MainWindow.xaml.cs"
"route.toggle_selected_route_async.runtime_offline_cannot_delete_status_start_runtime","Runtime 离线时无法安全记录待删除状态。请先启动 Runtime。","","Route editing, validation, and lifecycle status. Used in: src/TrackSwap/MainWindow.xaml.cs"
"route.unnamed","未命名配置","","Route editing, validation, and lifecycle status. Used in: src/TrackSwap/Models/RouteListItem.cs"
"route.update_route_context_menu.cancel_delete","取消删除","","Route editing, validation, and lifecycle status. Used in: src/TrackSwap/MainWindow.xaml.cs"
"route.validation.hidden_steamvr_role_target","该配置仍使用隐藏的 SteamVR 角色目标。请先选择明确的实体设备，或在“设置 → 高级选项”中启用 SteamVR 角色目标。","","Route editing, validation, and lifecycle status. Used in: src/TrackSwap/MainWindow.xaml.cs"
"route.validation.invalid","配置无效","","Route editing, validation, and lifecycle status. Used in: src/TrackSwap/MainWindow.xaml.cs"
"route.validation.legacy_role_target","当前目标来自旧角色配置。请选择一个明确的在线实体设备后再应用。","","Route editing, validation, and lifecycle status. Used in: src/TrackSwap/MainWindow.xaml.cs"
"route.validation.legacy_role_target_enable_error","该配置仍使用旧的 SteamVR 角色目标。请先选择一个明确的在线实体设备并应用，再启用配置。","","Route editing, validation, and lifecycle status. Used in: src/TrackSwap/MainWindow.xaml.cs"
"route.validation.physical_device_required","请选择明确的实体设备，或在高级选项中显示 SteamVR 角色目标。","","Route editing, validation, and lifecycle status. Used in: src/TrackSwap/MainWindow.xaml.cs"
"route.validation.role_feedback_loop","不能用目标角色当前绑定的设备替换同一个角色。这样会形成位姿反馈环，使目标停在上一帧。

请选择 Tracker、其他控制器或其他不会被该路由覆盖的位姿来源。","","Route editing, validation, and lifecycle status. Used in: src/TrackSwap/MainWindow.xaml.cs"
"route.validation.self_reference_detected","检测到自引用路由","","Route editing, validation, and lifecycle status. Used in: src/TrackSwap/MainWindow.xaml.cs"
"route.validation.source_role_conflict","物理来源不能读取同一条路由正在替换的设备角色。","","Route editing, validation, and lifecycle status. Used in: src/TrackSwap/MainWindow.xaml.cs"
"route.warning.rotation_source_change","注意：应用后旋转来源将切换为 “{0}”。","","Route editing, validation, and lifecycle status. Used in: src/TrackSwap/MainWindow.xaml.cs"
"route.warning.source_change","注意：应用后位置来源将从 “{0}” 切换为 “{1}”。","","Route editing, validation, and lifecycle status. Used in: src/TrackSwap/MainWindow.xaml.cs"
"runtime.status.waiting_for_driver","等待驱动","","TrackSwap Runtime status. Used in: src/TrackSwap/MainWindow.xaml.cs"
"service.configuration_backup.export.runtime_read_config","尚未从 Runtime 读取配置。","","Background service result or validation message. Used in: src/TrackSwap/MainWindow.xaml.cs, src/TrackSwap/Services/ConfigurationBackupService.cs"
"service.configuration_backup.read.config_backup_file","找不到配置备份文件。","","Background service result or validation message. Used in: src/TrackSwap/Services/ConfigurationBackupService.cs"
"service.configuration_backup.read.config_backup_file_4_mb","配置备份文件为空或超过 4 MB 限制。","","Background service result or validation message. Used in: src/TrackSwap/Services/ConfigurationBackupService.cs"
"service.configuration_backup.read.config_backup_file_invalid","配置备份文件格式无效。","","Background service result or validation message. Used in: src/TrackSwap/Services/ConfigurationBackupService.cs"
"service.configuration_backup.read.config_backup_invalid_runtime_lifecycle_mode","配置备份包含无效的 Runtime 启停行为。","","Background service result or validation message. Used in: src/TrackSwap/Services/ConfigurationBackupService.cs"
"service.configuration_backup.read.config_backup_runtime_config","配置备份中没有 Runtime 配置。","","Background service result or validation message. Used in: src/TrackSwap/Services/ConfigurationBackupService.cs"
"service.configuration_backup.read.config_backup_version","不支持此配置备份版本。","","Background service result or validation message. Used in: src/TrackSwap/Services/ConfigurationBackupService.cs"
"service.configuration_backup.write_atomic.backup_path_up_directory","备份路径没有上级目录。","","Background service result or validation message. Used in: src/TrackSwap/Services/ConfigurationBackupService.cs"
"service.data_migration.clean_legacy_data.trackswap_current_data_directory_cannot_cleanup","TrackSwap VR 当前仍在使用旧版数据目录，不能清理。","","Background service result or validation message. Used in: src/TrackSwap/Services/DataMigrationService.cs"
"service.data_migration.migrate.current_install_directory","当前数据已经位于安装目录中。","","Background service result or validation message. Used in: src/TrackSwap/Services/DataMigrationService.cs"
"service.data_migration.migrate.install_directory_trackswap","安装目录已经存在 TrackSwap VR 数据。","","Background service result or validation message. Used in: src/TrackSwap/Services/DataMigrationService.cs"
"service.data_migration.migrate.migration_trackswap","没有找到可迁移的旧版 TrackSwap VR 数据。","","Background service result or validation message. Used in: src/TrackSwap/Services/DataMigrationService.cs"
"service.data_migration.migrate.target_data_directory_up_directory","目标数据目录没有上级目录。","","Background service result or validation message. Used in: src/TrackSwap/Services/DataMigrationService.cs"
"service.data_migration.migrate.trackswap_install_directory_cannot_migration","TrackSwap VR 安装目录不可写，无法迁移旧版数据。","","Background service result or validation message. Used in: src/TrackSwap/Services/DataMigrationService.cs"
"service.data_migration.validate_runtime_configuration_if_present.runtime_config","旧版 Runtime 配置为空。","","Background service result or validation message. Used in: src/TrackSwap/Services/DataMigrationService.cs"
"service.data_migration.validate_runtime_configuration_if_present.runtime_config_cannot_read","旧版 Runtime 配置无法读取。","","Background service result or validation message. Used in: src/TrackSwap/Services/DataMigrationService.cs"
"service.diagnostics.inspect.not_found","未找到","","Background service result or validation message. Used in: src/TrackSwap/Services/DiagnosticsService.cs"
"service.diagnostics.inspect.not_running","已安装 · 未运行","","Background service result or validation message. Used in: src/TrackSwap/Services/DiagnosticsService.cs"
"service.diagnostics.inspect.path","未检测到安装路径","","Background service result or validation message. Used in: src/TrackSwap/Services/DiagnosticsService.cs"
"service.diagnostics.inspect.register","未注册","","Background service result or validation message. Used in: src/TrackSwap/Services/DiagnosticsService.cs"
"service.diagnostics.inspect.runtime_read","尚未从 Runtime 读取","","Background service result or validation message. Used in: src/TrackSwap/MainWindow.xaml.cs, src/TrackSwap/Services/DiagnosticsService.cs"
"service.open_vr_device.device_class_name.controller","控制器","","Background service result or validation message. Used in: src/TrackSwap/Services/OpenVrDeviceService.cs"
"service.open_vr_device.device_class_name.openvr_device","OpenVR 设备","","Background service result or validation message. Used in: src/TrackSwap/Services/OpenVrDeviceService.cs"
"service.open_vr_device.device_class_name.tracker","追踪器","","Background service result or validation message. Used in: src/TrackSwap/Services/OpenVrDeviceService.cs"
"service.open_vr_device.read_string_property.openvr_complete","OpenVR 函数表不完整。","","Background service result or validation message. Used in: src/TrackSwap/Services/OpenVrDeviceService.cs"
"service.open_vr_interop.ensure_initialized.cannot_load_openvr","无法载入 OpenVR 运行库。","","Background service result or validation message. Used in: src/TrackSwap/Services/OpenVrInterop.cs"
"service.open_vr_interop.ensure_initialized.failed","OpenVR 初始化失败，错误码：{0}","","Background service result or validation message. Used in: src/TrackSwap/Services/OpenVrInterop.cs"
"service.open_vr_interop.ensure_initialized.not_found_openvr","未找到 OpenVR 运行库。","","Background service result or validation message. Used in: src/TrackSwap/Services/OpenVrInterop.cs"
"service.open_vr_interop.get_interface.failed","无法获取 OpenVR 接口“{0}”，错误码：{1}","","Background service result or validation message. Used in: src/TrackSwap/Services/OpenVrInterop.cs"
"service.open_vr_interop.get_interface.steamvr_in_progress_exit","SteamVR 正在退出。","","Background service result or validation message. Used in: src/TrackSwap/Services/OpenVrInterop.cs"
"service.open_vr_render_model.copy_indices.steamvr_model","SteamVR 渲染模型包含越界索引。","","Background service result or validation message. Used in: src/TrackSwap/Services/OpenVrRenderModelService.cs"
"service.open_vr_render_model.copy_vertices.steamvr_model_invalid","SteamVR 渲染模型包含无效顶点数据。","","Background service result or validation message. Used in: src/TrackSwap/Services/OpenVrRenderModelService.cs"
"service.open_vr_render_model.is_finite.openvr_render_models_complete","OpenVR RenderModels 函数表不完整。","","Background service result or validation message. Used in: src/TrackSwap/Services/OpenVrRenderModelService.cs"
"service.open_vr_render_model.load_core.failed","SteamVR 无法加载渲染模型“{0}”，错误码：{1}","","Background service result or validation message. Used in: src/TrackSwap/Services/OpenVrRenderModelService.cs"
"service.open_vr_render_model.validate_interop_layout.current_openvr_model","当前平台的 OpenVR 渲染模型结构布局不受支持。","","Background service result or validation message. Used in: src/TrackSwap/Services/OpenVrRenderModelService.cs"
"service.open_vr_render_model.validate_model.steamvr_model_invalid","SteamVR 渲染模型网格无效或过大。","","Background service result or validation message. Used in: src/TrackSwap/Services/OpenVrRenderModelService.cs"
"service.open_vr_render_model.validate_texture.steamvr_model_invalid","SteamVR 渲染模型纹理无效或过大。","","Background service result or validation message. Used in: src/TrackSwap/Services/OpenVrRenderModelService.cs"
"service.runtime_control.apply_configuration_async.runtime_apply","Runtime 返回了空的应用响应。","","Background service result or validation message. Used in: src/TrackSwap/Services/RuntimeControlService.cs"
"service.runtime_control.create_unexpected_response_exception.runtime","Runtime 返回了非预期响应：{0}","","Background service result or validation message. Used in: src/TrackSwap/Services/RuntimeControlService.cs"
"service.runtime_control.find_runtime_executable_path.runtime","Runtime 返回了空响应。","","Background service result or validation message. Used in: src/TrackSwap/Services/RuntimeControlService.cs"
"service.runtime_control.read_bounded_line_async.runtime_allow","Runtime 控制响应超过允许的大小限制。","","Background service result or validation message. Used in: src/TrackSwap/Services/RuntimeControlService.cs"
"service.runtime_control.read_bounded_line_async.runtime_close_connect","Runtime 在回复前关闭了控制连接。","","Background service result or validation message. Used in: src/TrackSwap/Services/RuntimeControlService.cs"
"service.runtime_control.send_async.runtime","向 Runtime 发送控制请求超时。","","Background service result or validation message. Used in: src/TrackSwap/Services/RuntimeControlService.cs"
"service.runtime_control.send_async.runtime_invalid","Runtime 返回了无效的控制消息。","","Background service result or validation message. Used in: src/TrackSwap/Services/RuntimeControlService.cs"
"service.runtime_control.send_async.waiting_runtime","等待 Runtime 控制响应超时。","","Background service result or validation message. Used in: src/TrackSwap/Services/RuntimeControlService.cs"
"service.runtime_control.try_start_runtime.program_directory_trackswap_runtime_exe_complete_version","未在程序目录中找到 TrackSwap.Runtime.exe。请使用完整的 v013 程序包。","","Background service result or validation message. Used in: src/TrackSwap/Services/RuntimeControlService.cs"
"service.steam_integration_maintenance.find_required_file.not_found_steamvr_file","未找到 SteamVR 集成维护所需文件。","","Background service result or validation message. Used in: src/TrackSwap/Services/SteamIntegrationMaintenanceService.cs"
"service.steam_integration_maintenance.find_script.not_found_steamvr","未找到 SteamVR 集成维护脚本。","","Background service result or validation message. Used in: src/TrackSwap/Services/SteamIntegrationMaintenanceService.cs"
"service.steam_integration_maintenance.remove_async.steamvr_cleanup_complete_complete","SteamVR 集成清理未完整完成：{0}","","Background service result or validation message. Used in: src/TrackSwap/Services/SteamIntegrationMaintenanceService.cs"
"service.steam_integration_maintenance.run_script.cannot_start_steamvr","无法启动 SteamVR 集成维护程序。","","Background service result or validation message. Used in: src/TrackSwap/Services/SteamIntegrationMaintenanceService.cs"
"service.steam_integration_maintenance.run_script.failed","{0} 返回错误 {1}{2}","","Background service result or validation message. Used in: src/TrackSwap/Services/SteamIntegrationMaintenanceService.cs"
"service.steam_vr_application.set_auto_launch.not_found_trackswap_steamvr_app_manifest","未找到 TrackSwap VR 的 SteamVR 应用清单。","","Background service result or validation message. Used in: src/TrackSwap/Services/SteamVrApplicationService.cs"
"service.steam_vr_application.set_auto_launch.openvr_applications_complete","OpenVR Applications 函数表不完整。","","Background service result or validation message. Used in: src/TrackSwap/Services/SteamVrApplicationService.cs"
"service.steam_vr_application.set_auto_launch.steamvr_app_manifest_register_failed_error_code","SteamVR 应用清单注册失败，错误码：{0}","","Background service result or validation message. Used in: src/TrackSwap/Services/SteamVrApplicationService.cs"
"service.steam_vr_application.set_auto_launch.steamvr_app_manifest_unregister_failed_error_code","SteamVR 应用清单注销失败，错误码：{0}","","Background service result or validation message. Used in: src/TrackSwap/Services/SteamVrApplicationService.cs"
"service.steam_vr_application.set_auto_launch.steamvr_auto_start_settings_failed_error_code","SteamVR 自动启动设置失败，错误码：{0}","","Background service result or validation message. Used in: src/TrackSwap/Services/SteamVrApplicationService.cs"
"service.steam_vr_settings.migrate_legacy_backups.steamvr_config_backup_copy_failed","SteamVR 配置备份复制校验失败：{0}","","Background service result or validation message. Used in: src/TrackSwap/Services/SteamVrSettingsService.cs"
"service.steam_vr_settings.read_backups.additional_items","另有 {0} 条…","","Background service result or validation message. Used in: src/TrackSwap/Services/SteamVrSettingsService.cs"
"service.steam_vr_settings.read_backups.backup_file_steamvr_config","备份文件损坏或不是有效的 SteamVR 配置","","Background service result or validation message. Used in: src/TrackSwap/Services/SteamVrSettingsService.cs"
"service.steam_vr_settings.read_backups.backup_pose","备份中没有 TrackingOverrides 规则","","Background service result or validation message. Used in: src/TrackSwap/Services/SteamVrSettingsService.cs"
"service.steam_vr_settings.read_root.steamvr_vrsettings","找不到 steamvr.vrsettings。","","Background service result or validation message. Used in: src/TrackSwap/Services/SteamVrSettingsService.cs"
"service.steam_vr_settings.remove_override.item_mapping_missing_load_config","这条映射已不存在，请重新载入配置。","","Background service result or validation message. Used in: src/TrackSwap/Services/SteamVrSettingsService.cs"
"service.steam_vr_settings.restore_tracking_overrides.backup_tracking_overrides_invalid","备份中的 TrackingOverrides 格式无效。","","Background service result or validation message. Used in: src/TrackSwap/Services/SteamVrSettingsService.cs"
"service.steam_vr_settings.role_target_display_name","旧角色目标 · {0}（仅维护）","","Background service result or validation message. Used in: src/TrackSwap/Services/SteamVrSettingsService.cs"
"service.steam_vr_settings.validate_override.mapping_select_source_target","该映射会形成循环覆盖，请选择其他来源或目标。","","Background service result or validation message. Used in: src/TrackSwap/Services/SteamVrSettingsService.cs"
"service.steam_vr_settings.validate_override.source_replacement_target_cannot_count_device","位姿来源和替换目标不能是同一个设备。","","Background service result or validation message. Used in: src/TrackSwap/Services/SteamVrSettingsService.cs"
"settings.advanced.apply_controller_hand_selection_priority_from_text_async.priority_invalid","优先级格式无效","","TrackSwap settings. Used in: src/TrackSwap/MainWindow.xaml.cs"
"settings.advanced.automatic_open_close_trackswap","TrackSwap VR 启停行为","","TrackSwap settings. Used in: src/TrackSwap/MainWindow.xaml"
"settings.advanced.controller_priority.range_error","控制器优先级必须是 -2147483648 到 2147483647 之间的整数。","","TrackSwap settings. Used in: src/TrackSwap/MainWindow.xaml.cs"
"settings.advanced.enable_trackswap_steamvr_start_apply_close_auto_start","SteamVR 启动时打开 TrackSwap VR；SteamVR 关闭时 TrackSwap VR 完成待处理的配置更新后退出。
启用后，也可以在 SteamVR > 设置 > 启动/关闭 > 选择启动时的叠加界面应用 中关闭。","","TrackSwap settings. Used in: src/TrackSwap/MainWindow.xaml"
"settings.advanced.follow_steam_vr_with_track_swap_check_box_trackswap_steamvr_open_close","跟随 SteamVR","","TrackSwap settings. Used in: src/TrackSwap/MainWindow.xaml"
"settings.advanced.hiding.disabled","设备隐藏未启用","","TrackSwap settings. Used in: src/TrackSwap/MainWindow.xaml, src/TrackSwap/MainWindow.xaml.cs"
"settings.advanced.initialize_localized_lifecycle_options.steamvr","跟随 SteamVR","","TrackSwap settings. Used in: src/TrackSwap/MainWindow.xaml.cs"
"settings.advanced.initialize_localized_lifecycle_options.trackswap","跟随 TrackSwap VR","","TrackSwap settings. Used in: src/TrackSwap/MainWindow.xaml.cs"
"settings.advanced.lifecycle.change_failed","无法更改 Runtime 启停行为","","TrackSwap settings. Used in: src/TrackSwap/MainWindow.xaml.cs"
"settings.advanced.lifecycle.description","决定后台服务什么时候运行，仅打开 TrackSwap VR 时会临时唤醒。","","TrackSwap settings. Used in: src/TrackSwap/MainWindow.xaml"
"settings.advanced.modify_required_device_auto_start","这些选项面向高级玩家，启用它们可能会出现意料之外的效果。","","TrackSwap settings. Used in: src/TrackSwap/MainWindow.xaml"
"settings.advanced.physical_source_hiding.active","设备隐藏已生效（{0}）","","TrackSwap settings. Used in: src/TrackSwap/MainWindow.xaml.cs"
"settings.advanced.physical_source_hiding.failed","设备隐藏注入失败；实体设备保持原位。","","TrackSwap settings. Used in: src/TrackSwap/MainWindow.xaml.cs"
"settings.advanced.physical_source_hiding.failed_with_error","设备隐藏注入失败；实体设备保持原位。
{0}","","TrackSwap settings. Used in: src/TrackSwap/MainWindow.xaml.cs"
"settings.advanced.physical_source_hiding.runtime_offline","Runtime 离线时无法保存设备隐藏设置。","","TrackSwap settings. Used in: src/TrackSwap/MainWindow.xaml.cs"
"settings.advanced.physical_source_hiding.waiting","设备隐藏正在等待驱动或来源设备（{0}）","","TrackSwap settings. Used in: src/TrackSwap/MainWindow.xaml.cs"
"settings.advanced.replacement_target_hmd_left_right_steamvr_name_physical_device","允许将 SteamVR 的 头显、左手 或 右手 作为替换目标。SteamVR 可能把这些名称指向与你预期不同的实体设备。","","TrackSwap settings. Used in: src/TrackSwap/MainWindow.xaml"
"settings.advanced.restore_default","恢复默认","","TrackSwap settings. Used in: src/TrackSwap/MainWindow.xaml"
"settings.advanced.runtime_lifecycle_mode","Runtime 启停行为","","TrackSwap settings. Used in: src/TrackSwap/MainWindow.xaml"
"settings.advanced.set_controller_hand_selection_priority_async.cannot_save_controller_priority","无法保存控制器优先级","","TrackSwap settings. Used in: src/TrackSwap/MainWindow.xaml.cs"
"settings.advanced.show_hmd_left_right_target","显示 SteamVR 目标","","TrackSwap settings. Used in: src/TrackSwap/MainWindow.xaml"
"settings.advanced.show_steam_vr_role_targets_check_box_replacement_target_show_hmd_left_right","在替换目标列表中显示 头显、左手 和 右手","","TrackSwap settings. Used in: src/TrackSwap/MainWindow.xaml"
"settings.advanced.start_steamvr_automatic_open_trackswap_close_steamvr_complete_config_aut","决定 UI 服务什么时候运行。","","TrackSwap settings. Used in: src/TrackSwap/MainWindow.xaml"
"settings.advanced.steamvr_count_left_right_controller_select_device_default_0_controller","影响 SteamVR 在多个左右手控制器之间选择活动设备的优先级，数值越高越优先。
若无效果，请考虑重启 SteamVR 。","","TrackSwap settings. Used in: src/TrackSwap/MainWindow.xaml"
"settings.advanced.trackswap_device_replace_replace_target_config","软件仍会阻止设备替换自己、循环替换和重复目标。已应用的配置不受此开关影响。","","TrackSwap settings. Used in: src/TrackSwap/MainWindow.xaml"
"settings.advanced.trackswap_open_start_exit_stop_steamvr_start_steamvr_close_steamvr_stop","跟随 TrackSwap VR：
打开软件时启动，退出软件时停止。

跟随 SteamVR：
启动 SteamVR 时运行，关闭 SteamVR 后停止。","","TrackSwap settings. Used in: src/TrackSwap/MainWindow.xaml"
"settings.advanced.update_physical_source_hiding_status_indicator.config_hide_pose_source_device","暂无配置请求隐藏设备。","","TrackSwap settings. Used in: src/TrackSwap/MainWindow.xaml.cs"
"settings.advanced.virtual_controller_select_priority","虚拟控制器优先级","","TrackSwap settings. Used in: src/TrackSwap/MainWindow.xaml"
"settings.category.advanced","高级选项","","TrackSwap settings. Used in: src/TrackSwap/MainWindow.xaml"
"settings.category.devices","设备管理","","TrackSwap settings. Used in: src/TrackSwap/MainWindow.xaml, src/TrackSwap/MainWindow.xaml.cs"
"settings.category.files","配置与文件","","TrackSwap settings. Used in: src/TrackSwap/MainWindow.xaml"
"settings.category.language","语言 / {0}","","TrackSwap settings. Used in: src/TrackSwap/MainWindow.xaml.cs"
"settings.category.osc","OSC","","TrackSwap settings. Used in: src/TrackSwap/MainWindow.xaml"
"settings.category.runtime","运行与诊断","","TrackSwap settings. Used in: src/TrackSwap/MainWindow.xaml"
"settings.category.steamvr","SteamVR","","TrackSwap settings. Used in: src/TrackSwap/MainWindow.xaml"
"settings.category.xinput","XInput","","TrackSwap settings. Used in: src/TrackSwap/MainWindow.xaml"
"settings.description","管理、查看或调整 TrackSwap VR 和 SteamVR 相关配置。","","TrackSwap settings. Used in: src/TrackSwap/MainWindow.xaml"
"settings.device_viewer.description","查看当前与 SteamVR 相连接的设备模型与属性。","","TrackSwap settings. Used in: src/TrackSwap/MainWindow.xaml"
"settings.device_viewer.open","打开","","TrackSwap settings. Used in: src/TrackSwap/MainWindow.xaml"
"settings.device_viewer.window","设备查看窗口","","TrackSwap settings. Used in: src/TrackSwap/MainWindow.xaml"
"settings.device_viewer.window_description","在独立窗口中查看设备模型、位姿与可用设备信息。","","TrackSwap settings. Used in: src/TrackSwap/MainWindow.xaml"
"settings.devices.connections","配对关系","","TrackSwap settings. Used in: src/TrackSwap/MainWindow.xaml"
"settings.devices.connections_current","当前接收器","","TrackSwap settings. Used in: src/TrackSwap/MainWindow.xaml"
"settings.devices.connections_device","已记录设备","","TrackSwap settings. Used in: src/TrackSwap/MainWindow.xaml"
"settings.devices.connections_empty","尚未记录配对关系。","","TrackSwap settings. Used in: src/TrackSwap/MainWindow.xaml"
"settings.devices.connections_last","上次接收器","","TrackSwap settings. Used in: src/TrackSwap/MainWindow.xaml"
"settings.devices.device_count","共 {0} 台设备","","TrackSwap settings. Used in: src/TrackSwap/MainWindow.xaml.cs"
"settings.devices.device_select_connect_device","管理 UI 打开期间所记录的设备、接收器以及配对关系。","","TrackSwap settings. Used in: src/TrackSwap/MainWindow.xaml"
"settings.devices.empty_device_history_device_history","尚未记录追踪设备。","","TrackSwap settings. Used in: src/TrackSwap/MainWindow.xaml"
"settings.devices.metadata.display_name","显示名称","","TrackSwap settings. Used in: src/TrackSwap/DeviceMetadataWindow.xaml"
"settings.devices.metadata.note","备注","","TrackSwap settings. Used in: src/TrackSwap/DeviceMetadataWindow.xaml"
"settings.devices.metadata.save","保存","","TrackSwap settings. Used in: src/TrackSwap/DeviceMetadataWindow.xaml, src/TrackSwap/MainWindow.xaml.cs"
"settings.devices.metadata.save_failed","无法保存设备信息","","TrackSwap settings. Used in: src/TrackSwap/MainWindow.xaml.cs"
"settings.devices.metadata.window_title","编辑设备信息","","TrackSwap settings. Used in: src/TrackSwap/DeviceMetadataWindow.xaml.cs"
"settings.devices.no_note","无备注","","TrackSwap settings. Used in: src/TrackSwap/MainWindow.xaml.cs"
"settings.devices.note","备注：{0}","","TrackSwap settings. Used in: src/TrackSwap/MainWindow.xaml.cs"
"settings.devices.receiver_count","共 {0} 个接收器","","TrackSwap settings. Used in: src/TrackSwap/MainWindow.xaml.cs"
"settings.devices.receiver_in_use","当前连接：{0}","","TrackSwap settings. Used in: src/TrackSwap/MainWindow.xaml.cs"
"settings.devices.receivers","已记录接收器","","TrackSwap settings. Used in: src/TrackSwap/MainWindow.xaml"
"settings.devices.receivers_empty","尚未观察到接收器。","","TrackSwap settings. Used in: src/TrackSwap/MainWindow.xaml"
"settings.devices.tracked_devices","已记录设备","","TrackSwap settings. Used in: src/TrackSwap/MainWindow.xaml"
"settings.files.backup.export_completed_message","配置已导出：
{0}","","TrackSwap settings. Used in: src/TrackSwap/MainWindow.xaml.cs"
"settings.files.backup.export_configuration_button_click.cannot_export","无法导出","","TrackSwap settings. Used in: src/TrackSwap/MainWindow.xaml.cs"
"settings.files.backup.export_configuration_button_click.export_trackswap_config","导出 TrackSwap VR 配置","","TrackSwap settings. Used in: src/TrackSwap/MainWindow.xaml.cs"
"settings.files.backup.import_configuration_button_click.confirm_import_config","确认导入配置","","TrackSwap settings. Used in: src/TrackSwap/MainWindow.xaml.cs"
"settings.files.backup.import_configuration_button_click.import_complete","导入完成","","TrackSwap settings. Used in: src/TrackSwap/MainWindow.xaml.cs"
"settings.files.backup.import_configuration_button_click.import_failed","导入失败","","TrackSwap settings. Used in: src/TrackSwap/MainWindow.xaml.cs"
"settings.files.backup.import_configuration_button_click.import_trackswap_config","导入 TrackSwap VR 配置","","TrackSwap settings. Used in: src/TrackSwap/MainWindow.xaml.cs"
"settings.files.backup.import_configuration_button_click.runtime_read_current_config","尚未从 Runtime 读取当前配置。","","TrackSwap settings. Used in: src/TrackSwap/MainWindow.xaml.cs"
"settings.files.backup.import_confirmation","此备份包含 {0} 条配置，创建于 {1}。

导入会覆盖当前全部路由、OSC、XInput、高级选项和界面设置。当前配置会先自动备份。{2}

确定导入吗？","","TrackSwap settings. Used in: src/TrackSwap/MainWindow.xaml.cs"
"settings.files.backup.import_hiding_notice","

此备份启用了物理位姿来源设备隐藏。导入后仍会保留该设置。","","TrackSwap settings. Used in: src/TrackSwap/MainWindow.xaml.cs"
"settings.files.backup.import_restart_notice","配置已导入。TrackSwap VR 将重新启动，以完整载入新的界面设置和 Runtime 生命周期选项。","","TrackSwap settings. Used in: src/TrackSwap/MainWindow.xaml.cs"
"settings.files.backup.open_file_filter","TrackSwap VR 配置备份 (*.trackswap-backup)|*.trackswap-backup|所有文件 (*.*)|*.*","","TrackSwap settings. Used in: src/TrackSwap/MainWindow.xaml.cs"
"settings.files.backup.refresh_files_and_backups_view.automatic_backup","自动回滚备份","","TrackSwap settings. Used in: src/TrackSwap/MainWindow.xaml.cs"
"settings.files.backup.refresh_files_and_backups_view.calibration","校准档案","","TrackSwap settings. Used in: src/TrackSwap/MainWindow.xaml.cs"
"settings.files.backup.refresh_files_and_backups_view.calibration_create","仅在存在校准档案时创建。","","TrackSwap settings. Used in: src/TrackSwap/MainWindow.xaml.cs"
"settings.files.backup.refresh_files_and_backups_view.data_directory","用户数据目录","","TrackSwap settings. Used in: src/TrackSwap/MainWindow.xaml.cs"
"settings.files.backup.refresh_files_and_backups_view.device_name_path","曾经发现过的物理设备名称与路径。","","TrackSwap settings. Used in: src/TrackSwap/MainWindow.xaml.cs"
"settings.files.backup.refresh_files_and_backups_view.json_file","社区翻译 JSON 文件；官方简体中文内置于程序。","","TrackSwap settings. Used in: src/TrackSwap/MainWindow.xaml.cs"
"settings.files.backup.refresh_files_and_backups_view.language_pack","语言包","","TrackSwap settings. Used in: src/TrackSwap/MainWindow.xaml.cs"
"settings.files.backup.refresh_files_and_backups_view.logs","运行日志","","TrackSwap settings. Used in: src/TrackSwap/MainWindow.xaml.cs"
"settings.files.backup.refresh_files_and_backups_view.openvr_path","OpenVR 路径登记","","TrackSwap settings. Used in: src/TrackSwap/MainWindow.xaml.cs"
"settings.files.backup.refresh_files_and_backups_view.osc_xinput_runtime_advanced","路由、OSC、XInput 与 Runtime 高级选项。","","TrackSwap settings. Used in: src/TrackSwap/MainWindow.xaml.cs"
"settings.files.backup.refresh_files_and_backups_view.runtime_config","Runtime 配置","","TrackSwap settings. Used in: src/TrackSwap/MainWindow.xaml.cs"
"settings.files.backup.refresh_files_and_backups_view.runtime_start_trackswap_ui","记录 Runtime 尝试启动 TrackSwap VR UI 时的诊断信息。","","TrackSwap settings. Used in: src/TrackSwap/MainWindow.xaml.cs"
"settings.files.backup.refresh_files_and_backups_view.steam_file","Steam 或安装器管理的程序文件。","","TrackSwap settings. Used in: src/TrackSwap/MainWindow.xaml.cs"
"settings.files.backup.refresh_files_and_backups_view.steamvr_apply","SteamVR 应用登记","","TrackSwap settings. Used in: src/TrackSwap/MainWindow.xaml.cs"
"settings.files.backup.refresh_files_and_backups_view.steamvr_auto_start_settings","SteamVR 自动启动设置","","TrackSwap settings. Used in: src/TrackSwap/MainWindow.xaml.cs"
"settings.files.backup.refresh_files_and_backups_view.steamvr_config_backup","SteamVR 配置备份","","TrackSwap settings. Used in: src/TrackSwap/MainWindow.xaml.cs"
"settings.files.backup.refresh_files_and_backups_view.steamvr_file_trackswap_driver_path","SteamVR 的共享文件；TrackSwap VR 仅登记自己的驱动路径。","","TrackSwap settings. Used in: src/TrackSwap/MainWindow.xaml.cs"
"settings.files.backup.refresh_files_and_backups_view.steamvr_file_trackswap_manifest","SteamVR 的共享文件；包含 TrackSwap VR manifest 登记。","","TrackSwap settings. Used in: src/TrackSwap/MainWindow.xaml.cs"
"settings.files.backup.refresh_files_and_backups_view.steamvr_logs_directory","SteamVR 日志目录","","TrackSwap settings. Used in: src/TrackSwap/MainWindow.xaml.cs"
"settings.files.backup.refresh_files_and_backups_view.steamvr_pose_settings","SteamVR 位姿设置","","TrackSwap settings. Used in: src/TrackSwap/MainWindow.xaml.cs"
"settings.files.backup.refresh_files_and_backups_view.steamvr_trackswap_save_auto_start_status","SteamVR 为 TrackSwap VR 保存的自动启动状态。","","TrackSwap settings. Used in: src/TrackSwap/MainWindow.xaml.cs"
"settings.files.backup.refresh_files_and_backups_view.trackswap_install_directory","TrackSwap VR 安装目录","","TrackSwap settings. Used in: src/TrackSwap/MainWindow.xaml.cs"
"settings.files.backup.refresh_files_and_backups_view.ui_settings","界面设置","","TrackSwap settings. Used in: src/TrackSwap/MainWindow.xaml.cs"
"settings.files.backup.refresh_files_and_backups_view.ui_show_lifecycle","界面显示、生命周期与本机高级偏好。","","TrackSwap settings. Used in: src/TrackSwap/MainWindow.xaml.cs"
"settings.files.backup.rollback_description","导入配置前自动保存的完整 TrackSwap VR 配置。","","TrackSwap settings. Used in: src/TrackSwap/MainWindow.xaml.cs"
"settings.files.backup.save_file_filter","TrackSwap VR 配置备份 (*.trackswap-backup)|*.trackswap-backup","","TrackSwap settings. Used in: src/TrackSwap/MainWindow.xaml.cs"
"settings.files.cleanup_legacy_data_button_click.cleanup_complete","清理完成","","TrackSwap settings. Used in: src/TrackSwap/MainWindow.xaml.cs"
"settings.files.cleanup_legacy_data_button_click.confirm_cleanup_file","确认清理旧版文件","","TrackSwap settings. Used in: src/TrackSwap/MainWindow.xaml.cs"
"settings.files.cleanup_legacy_data_button_click.directory_clear_remove","旧版目录已清空并移除。","","TrackSwap settings. Used in: src/TrackSwap/MainWindow.xaml.cs"
"settings.files.cleanup_legacy_data_button_click.directory_file_preserve","目录中仍有未知文件，因此已保留。","","TrackSwap settings. Used in: src/TrackSwap/MainWindow.xaml.cs"
"settings.files.cleanup_legacy_data_cleanup_file","清理旧版文件","","TrackSwap settings. Used in: src/TrackSwap/MainWindow.xaml"
"settings.files.cleanup.completed_message","已删除 {0} 个旧版文件。{1}","","TrackSwap settings. Used in: src/TrackSwap/MainWindow.xaml.cs"
"settings.files.cleanup.stop_steamvr_first","清理 TrackSwap VR TrackingOverrides 和 SteamVR 集成前，必须完全退出 SteamVR。请关闭 SteamVR 后重试。","","TrackSwap settings. Used in: src/TrackSwap/MainWindow.xaml.cs"
"settings.files.config_backup","配置备份","","TrackSwap settings. Used in: src/TrackSwap/MainWindow.xaml"
"settings.files.create_file_location.create","尚未创建","","TrackSwap settings. Used in: src/TrackSwap/MainWindow.xaml.cs"
"settings.files.create_file_location.install_directory","安装目录内","","TrackSwap settings. Used in: src/TrackSwap/MainWindow.xaml.cs"
"settings.files.create_file_location.not_found","尚未找到","","TrackSwap settings. Used in: src/TrackSwap/MainWindow.xaml.cs"
"settings.files.current_position","当前数据位置","","TrackSwap settings. Used in: src/TrackSwap/MainWindow.xaml"
"settings.files.data_root.fallback_notice","TrackSwap VR 安装目录不可写，当前已明确回退到 %LOCALAPPDATA%\TrackSwap。","","TrackSwap settings. Used in: src/TrackSwap/MainWindow.xaml.cs"
"settings.files.data_root.install_directory_notice","当前数据保存在 TrackSwap VR 安装目录内。Steam 更新与验证不会管理运行后创建的 UserData 文件。","","TrackSwap settings. Used in: src/TrackSwap/MainWindow.xaml.cs"
"settings.files.delete_all_trackswap_remove_driver_register_app_manifest_auto_start_trac","永久删除全部 TrackSwap VR 数据，并移除驱动注册、应用清单、自动启动记录和 TrackSwap VR 位姿覆盖。不会启动卸载器或删除程序文件；完成后退出，重新打开时无法继续使用。","","TrackSwap settings. Used in: src/TrackSwap/MainWindow.xaml"
"settings.files.export_all_osc_xinput_advanced_ui_settings_backup_device_path","导出 TrackSwap VR 配置备份。备份中可能包含个人敏感信息，请勿公开分享。","","TrackSwap settings. Used in: src/TrackSwap/MainWindow.xaml"
"settings.files.export_configuration_export_config","导出配置","","TrackSwap settings. Used in: src/TrackSwap/MainWindow.xaml"
"settings.files.file_location","文件位置","","TrackSwap settings. Used in: src/TrackSwap/MainWindow.xaml"
"settings.files.import_configuration_import_config","导入配置","","TrackSwap settings. Used in: src/TrackSwap/MainWindow.xaml"
"settings.files.install_directory_steamvr_trackswap_modify_file_trackswap_file","安装目录外 代表为了软件正常运行，TrackSwap VR 不得不登记或修改的共享文件。","","TrackSwap settings. Used in: src/TrackSwap/MainWindow.xaml"
"settings.files.legacy_cleanup.confirmation","将删除旧版 TrackSwap VR 已识别的数据文件。未知文件会保留，不会删除 SteamVR 配置。

确定清理吗？","","TrackSwap settings. Used in: src/TrackSwap/MainWindow.xaml.cs"
"settings.files.legacy_data","旧版数据","","TrackSwap settings. Used in: src/TrackSwap/MainWindow.xaml"
"settings.files.location.steamvr_log_description","由 SteamVR 创建；vrserver 日志中可能包含 TrackSwap VR 驱动消息。","","TrackSwap settings. Used in: src/TrackSwap/MainWindow.xaml.cs"
"settings.files.location.steamvr_settings_description","SteamVR 的共享文件；目标替换模式只维护 TrackSwap VR 自己的映射。","","TrackSwap settings. Used in: src/TrackSwap/MainWindow.xaml.cs"
"settings.files.location.user_data_description","TrackSwap VR 创建的配置、偏好、日志和自动回滚备份。","","TrackSwap settings. Used in: src/TrackSwap/MainWindow.xaml.cs"
"settings.files.migrate_legacy_data_button_click.confirm_migration","确认迁移旧版数据","","TrackSwap settings. Used in: src/TrackSwap/MainWindow.xaml.cs"
"settings.files.migrate_legacy_data_button_click.migration_complete","迁移完成","","TrackSwap settings. Used in: src/TrackSwap/MainWindow.xaml.cs"
"settings.files.migrate_legacy_data_button_click.migration_failed","迁移失败","","TrackSwap settings. Used in: src/TrackSwap/MainWindow.xaml.cs"
"settings.files.migrate_legacy_data_migration","从旧版迁移","","TrackSwap settings. Used in: src/TrackSwap/MainWindow.xaml"
"settings.files.migration.available_notice","检测到旧版数据。迁移会先复制并校验全部已识别文件，然后重启 TrackSwap VR 切换数据位置。","","TrackSwap settings. Used in: src/TrackSwap/MainWindow.xaml.cs"
"settings.files.migration.cleanup_available","当前已经使用安装目录中的数据。确认运行正常后，可以选择清理旧版文件。","","TrackSwap settings. Used in: src/TrackSwap/MainWindow.xaml.cs"
"settings.files.migration.completed_message","已迁移 {0} 个数据文件和 {1} 个 SteamVR 配置备份到：
{2}

TrackSwap VR 将重新启动并改用新的数据目录。确认运行正常后，可在此页面清理旧版文件。","","TrackSwap settings. Used in: src/TrackSwap/MainWindow.xaml.cs"
"settings.files.migration.destination_not_writable","安装目录当前不可写，因此不能迁移。TrackSwap VR 会继续安全使用此回退目录。","","TrackSwap settings. Used in: src/TrackSwap/MainWindow.xaml.cs"
"settings.files.migration.failed_message","无法迁移旧版数据：{0}","","TrackSwap settings. Used in: src/TrackSwap/MainWindow.xaml.cs"
"settings.files.migration.legacy_root_notice","当前正在使用旧版数据目录。迁移成功后将改用安装目录中的 UserData。","","TrackSwap settings. Used in: src/TrackSwap/MainWindow.xaml.cs"
"settings.files.migration.replace_existing_confirmation","安装目录已经存在 TrackSwap VR 数据。继续迁移会用旧版数据替换当前数据，并把当前文件保存在迁移前备份中。

确定继续吗？","","TrackSwap settings. Used in: src/TrackSwap/MainWindow.xaml.cs"
"settings.files.migration.stop_runtime_first","迁移需要先停止 Runtime 并切换数据目录。请完全退出 SteamVR 后再继续。","","TrackSwap settings. Used in: src/TrackSwap/MainWindow.xaml.cs"
"settings.files.open_file","打开数据文件夹","","TrackSwap settings. Used in: src/TrackSwap/MainWindow.xaml"
"settings.files.outside_install_directory","安装目录外","","TrackSwap settings. Used in: src/TrackSwap/MainWindow.xaml.cs"
"settings.files.pre_uninstall","预卸载准备","","TrackSwap settings. Used in: src/TrackSwap/MainWindow.xaml, src/TrackSwap/MainWindow.xaml.cs"
"settings.files.pre_uninstall.confirmation","此操作将永久删除全部 TrackSwap VR 配置、界面偏好、设备记录、日志和自动备份，并移除 TrackSwap VR 驱动注册、应用清单、自动启动记录及 TrackSwap VR 创建的位姿覆盖。

程序文件和卸载器会保留，也不会自动启动卸载。若之后继续使用，需要重新安装 SteamVR 集成。","","TrackSwap settings. Used in: src/TrackSwap/MainWindow.xaml.cs"
"settings.files.pre_uninstall.progress","正在删除 TrackSwap VR 数据并移除 SteamVR 集成，请勿关闭软件。","","TrackSwap settings. Used in: src/TrackSwap/MainWindow.xaml.cs"
"settings.files.remove_track_swap_data_and_integration","开始准备","","TrackSwap settings. Used in: src/TrackSwap/MainWindow.xaml"
"settings.files.reset.confirmation","此操作将永久删除全部 TrackSwap VR 配置、界面偏好、设备记录、日志和自动备份，并移除 TrackSwap VR 创建的位姿覆盖。

SteamVR 驱动和应用集成会保留。清理完成后 TrackSwap VR 将退出；重新打开即可从初始状态继续使用。","","TrackSwap settings. Used in: src/TrackSwap/MainWindow.xaml.cs"
"settings.files.reset.progress","正在删除 TrackSwap VR 数据并清理 TrackingOverrides，请勿关闭软件。","","TrackSwap settings. Used in: src/TrackSwap/MainWindow.xaml.cs"
"settings.files.reset.title","重置数据","","TrackSwap settings. Used in: src/TrackSwap/MainWindow.xaml"
"settings.files.set_destructive_cleanup_overlay.in_progress","正在准备卸载…","","TrackSwap settings. Used in: src/TrackSwap/MainWindow.xaml.cs"
"settings.files.set_destructive_cleanup_overlay.in_progress_reset","正在重置数据…","","TrackSwap settings. Used in: src/TrackSwap/MainWindow.xaml.cs"
"settings.files.trackswap_config_issue_clear_delete_config_device_history_logs_automatic","当 TrackSwap VR 出现配置问题，或希望清空数据从头开始时使用。将删除配置、偏好、设备记录、日志和自动备份，保留 SteamVR 集成；完成后退出，重新打开即可继续使用。","","TrackSwap settings. Used in: src/TrackSwap/MainWindow.xaml"
"settings.files.trackswap_file_location_migration_import_export_complete_config","查看 TrackSwap VR 使用的文件位置、迁移旧版数据，或导入导出完整配置。","","TrackSwap settings. Used in: src/TrackSwap/MainWindow.xaml"
"settings.input.grip_value","抓握值","","TrackSwap settings. Used in: src/TrackSwap/MainWindow.xaml"
"settings.input.joystick_click","摇杆按下","","TrackSwap settings. Used in: src/TrackSwap/MainWindow.xaml"
"settings.input.joystick_xy","摇杆 X / Y","","TrackSwap settings. Used in: src/TrackSwap/MainWindow.xaml"
"settings.input.left_mapping","左手映射","","TrackSwap settings. Used in: src/TrackSwap/MainWindow.xaml"
"settings.input.menu_button","菜单按钮","","TrackSwap settings. Used in: src/TrackSwap/MainWindow.xaml.cs"
"settings.input.reset_bindings","重置绑定","","TrackSwap settings. Used in: src/TrackSwap/MainWindow.xaml"
"settings.input.right_mapping","右手映射","","TrackSwap settings. Used in: src/TrackSwap/MainWindow.xaml"
"settings.input.system_button","系统键","","TrackSwap settings. Used in: src/TrackSwap/MainWindow.xaml"
"settings.input.touch_assist","触摸辅助","","TrackSwap settings. Used in: src/TrackSwap/MainWindow.xaml"
"settings.input.trigger_value","扳机值","","TrackSwap settings. Used in: src/TrackSwap/MainWindow.xaml"
"settings.osc.address","OSC 参数","","TrackSwap settings. Used in: src/TrackSwap/MainWindow.xaml"
"settings.osc.apply_osc_settings_async.save_osc_settings_failed","保存 OSC 设置失败","","TrackSwap settings. Used in: src/TrackSwap/MainWindow.xaml.cs"
"settings.osc.haptics.send_failed","OSC 无法向 {0} 发送震动反馈：{1}","","TrackSwap settings. Used in: src/TrackSwap/MainWindow.xaml.cs"
"settings.osc.haptics.test_description","发送一段包含轻点、强弱变化和双击的测试震动","","TrackSwap settings. Used in: src/TrackSwap/MainWindow.xaml"
"settings.osc.left","左手体感","","TrackSwap settings. Used in: src/TrackSwap/MainWindow.xaml"
"settings.osc.osc","OSC 传输","","TrackSwap settings. Used in: src/TrackSwap/MainWindow.xaml"
"settings.osc.osc_listen_address_text_box_address","地址","","TrackSwap settings. Used in: src/TrackSwap/MainWindow.xaml"
"settings.osc.osc_mapping_trackswap_virtual_controller_input_haptic_feedback","使用 OSC 参数作为 TrackSwap VR 虚拟控制器输入。","","TrackSwap settings. Used in: src/TrackSwap/MainWindow.xaml"
"settings.osc.osc_port_text_box_receive_port","接收端口","","TrackSwap settings. Used in: src/TrackSwap/MainWindow.xaml"
"settings.osc.osc_send_port_text_box_send_port","发送端口","","TrackSwap settings. Used in: src/TrackSwap/MainWindow.xaml"
"settings.osc.receive.active","OSC 正在接收 {0} 的信号","","TrackSwap settings. Used in: src/TrackSwap/MainWindow.xaml.cs"
"settings.osc.receive.failed","OSC 无法监听 {0}：{1}","","TrackSwap settings. Used in: src/TrackSwap/MainWindow.xaml.cs"
"settings.osc.receive.port_in_use","OSC 接收端口已被占用（{0}）。
请关闭占用它的程序，或更换接收端口。","","TrackSwap settings. Used in: src/TrackSwap/MainWindow.xaml.cs"
"settings.osc.receive.preparing","OSC 正在准备监听 {0}","","TrackSwap settings. Used in: src/TrackSwap/MainWindow.xaml.cs"
"settings.osc.receive.waiting","OSC 正在监听 {0}，等待信号","","TrackSwap settings. Used in: src/TrackSwap/MainWindow.xaml.cs"
"settings.osc.right","右手体感","","TrackSwap settings. Used in: src/TrackSwap/MainWindow.xaml"
"settings.osc.status.inactive","OSC 未启用。
暂无需要 OSC 的功能。","","TrackSwap settings. Used in: src/TrackSwap/MainWindow.xaml.cs"
"settings.osc.test_osc_haptic_async.cannot_haptic","无法发送测试震动","","TrackSwap settings. Used in: src/TrackSwap/MainWindow.xaml.cs"
"settings.osc.update_osc_status_indicator.current","当前端点","","TrackSwap settings. Used in: src/TrackSwap/MainWindow.xaml.cs"
"settings.osc.update_osc_status_indicator.current_target","当前目标端点","","TrackSwap settings. Used in: src/TrackSwap/MainWindow.xaml.cs"
"settings.runtime.apply_status","应用状态","","TrackSwap settings. Used in: src/TrackSwap/MainWindow.xaml"
"settings.runtime.check","重新检查","","TrackSwap settings. Used in: src/TrackSwap/MainWindow.xaml"
"settings.runtime.check_export","查看运行链路、检查安装环境，或导出经过脱敏的诊断信息。","","TrackSwap settings. Used in: src/TrackSwap/MainWindow.xaml"
"settings.runtime.check_file_steamvr_driver_register_current_config","检查程序文件、SteamVR、驱动注册与当前配置。","","TrackSwap settings. Used in: src/TrackSwap/MainWindow.xaml"
"settings.runtime.config_revision","配置 revision","","TrackSwap settings. Used in: src/TrackSwap/MainWindow.xaml"
"settings.runtime.diagnostics_bundle","诊断包","","TrackSwap settings. Used in: src/TrackSwap/MainWindow.xaml"
"settings.runtime.driver_and_config_summary","{0} · 配置{1}","","TrackSwap settings. Used in: src/TrackSwap/MainWindow.xaml.cs"
"settings.runtime.driver_config","驱动与配置","","TrackSwap settings. Used in: src/TrackSwap/MainWindow.xaml"
"settings.runtime.driver_connect","驱动连接","","TrackSwap settings. Used in: src/TrackSwap/MainWindow.xaml"
"settings.runtime.environment_check","环境检查","","TrackSwap settings. Used in: src/TrackSwap/MainWindow.xaml"
"settings.runtime.export_completed_message","诊断包已导出：
{0}","","TrackSwap settings. Used in: src/TrackSwap/MainWindow.xaml.cs"
"settings.runtime.export_diagnostics_bundle","导出诊断包","","TrackSwap settings. Used in: src/TrackSwap/MainWindow.xaml"
"settings.runtime.export_diagnostics_button_click.export_trackswap_diagnostics_bundle","导出 TrackSwap VR 诊断包","","TrackSwap settings. Used in: src/TrackSwap/MainWindow.xaml.cs"
"settings.runtime.export_diagnostics_button_click.zip_zip_zip","ZIP 压缩包 (*.zip)|*.zip","","TrackSwap settings. Used in: src/TrackSwap/MainWindow.xaml.cs"
"settings.runtime.export_failed_message","无法导出诊断包：{0}","","TrackSwap settings. Used in: src/TrackSwap/MainWindow.xaml.cs"
"settings.runtime.export_version_status_config_trackswap_logs_complete_config_complete_ste","诊断包内包含组件版本、匿名设备与路由拓扑、运行状态、配置校验摘要和 TrackSwap VR 相关日志片段。
设备和配置使用包内稳定化名，不包含完整配置、完整 SteamVR 日志、真实设备路径或序列号。","","TrackSwap settings. Used in: src/TrackSwap/MainWindow.xaml"
"settings.runtime.refresh_diagnostics_view.not_found_trackswap_runtime_exe","未找到 TrackSwap.Runtime.exe","","TrackSwap settings. Used in: src/TrackSwap/MainWindow.xaml.cs"
"settings.runtime.refresh_diagnostics_view.openvr_driver_trackswap","未在 OpenVR 外部驱动记录中找到 TrackSwap VR","","TrackSwap settings. Used in: src/TrackSwap/MainWindow.xaml.cs"
"settings.runtime.refresh_diagnostics_view.openvr_path_steamvr","未在 OpenVR 路径记录中找到 SteamVR","","TrackSwap settings. Used in: src/TrackSwap/MainWindow.xaml.cs"
"settings.runtime.runtime","Runtime 程序","","TrackSwap settings. Used in: src/TrackSwap/MainWindow.xaml"
"settings.runtime.start_runtime","启动 Runtime","","TrackSwap settings. Used in: src/TrackSwap/MainWindow.xaml"
"settings.steamvr.apply_config","添加配置","","TrackSwap settings. Used in: src/TrackSwap/MainWindow.xaml"
"settings.steamvr.apply_override_confirmation","将使用以下 TrackingOverrides：

{0}
→ {1}

应用前会自动备份原始配置。","","TrackSwap settings. Used in: src/TrackSwap/MainWindow.xaml.cs"
"settings.steamvr.backup.description","TrackSwap VR 修改 SteamVR TrackingOverrides 前保存的恢复副本。","","TrackSwap settings. Used in: src/TrackSwap/MainWindow.xaml.cs"
"settings.steamvr.backup.restore_scope_error","只能恢复当前配置目录中由 TrackSwap VR 创建的备份。","","TrackSwap settings. Used in: src/TrackSwap/Services/SteamVrSettingsService.cs"
"settings.steamvr.config_device_path_write_required_exit_steamvr","该项无法实时更新，修改前请退出 SteamVR。","","TrackSwap settings. Used in: src/TrackSwap/MainWindow.xaml"
"settings.steamvr.current_config","配置列表","","TrackSwap settings. Used in: src/TrackSwap/MainWindow.xaml"
"settings.steamvr.edit_override_button_click.cannot_current_device_item_steamvr_load","无法在当前设备列表中找到这条规则，请在 SteamVR 运行时重新载入。","","TrackSwap settings. Used in: src/TrackSwap/MainWindow.xaml.cs"
"settings.steamvr.edit_override_button_click.device_available","设备不可用","","TrackSwap settings. Used in: src/TrackSwap/MainWindow.xaml.cs"
"settings.steamvr.empty_overrides_current_pose","当前没有 TrackingOverrides 规则。","","TrackSwap settings. Used in: src/TrackSwap/MainWindow.xaml"
"settings.steamvr.legacy_static_target_warning_role_target_config_select_physical_device","旧角色目标仅用于维护已有规则；新配置请选择明确实体设备。","","TrackSwap settings. Used in: src/TrackSwap/MainWindow.xaml"
"settings.steamvr.override_count","{0} 条规则","","TrackSwap settings. Used in: src/TrackSwap/MainWindow.xaml.cs"
"settings.steamvr.physical_target","位姿替换目标","","TrackSwap settings. Used in: src/TrackSwap/MainWindow.xaml"
"settings.steamvr.pose_source_device","位姿来源设备","","TrackSwap settings. Used in: src/TrackSwap/MainWindow.xaml"
"settings.steamvr.refresh","刷新","","TrackSwap settings. Used in: src/TrackSwap/MainWindow.xaml"
"settings.steamvr.remove","移除","","TrackSwap settings. Used in: src/TrackSwap/MainWindow.xaml, src/TrackSwap/MainWindow.xaml.cs"
"settings.steamvr.remove_override_button_click.confirm_remove","确认移除","","TrackSwap settings. Used in: src/TrackSwap/MainWindow.xaml.cs"
"settings.steamvr.remove_override_button_click.exit_steamvr_remove","请先完全退出 SteamVR，再移除规则。","","TrackSwap settings. Used in: src/TrackSwap/MainWindow.xaml.cs"
"settings.steamvr.remove_override_button_click.remove_failed","移除失败","","TrackSwap settings. Used in: src/TrackSwap/MainWindow.xaml.cs"
"settings.steamvr.remove_override_confirmation","确定移除以下 TrackingOverrides ？

{0}
→ {1}

移除前会自动备份原始配置。","","TrackSwap settings. Used in: src/TrackSwap/MainWindow.xaml.cs"
"settings.steamvr.restore_backup_restore_config_backup","恢复配置备份","","TrackSwap settings. Used in: src/TrackSwap/MainWindow.xaml"
"settings.steamvr.room_setup.not_found","未找到 SteamVR 房间设置程序。请检查 SteamVR 是否已完整安装。","","TrackSwap settings. Used in: src/TrackSwap/MainWindow.xaml.cs"
"settings.steamvr.steamvr_config_file","维护或修改由 TrackSwap v001 以及 替换现有设备位置 运行模式修改的 SteamVR 配置文件。","","TrackSwap settings. Used in: src/TrackSwap/MainWindow.xaml"
"settings.steamvr.v001","TrackingOverrides","","TrackSwap settings. Used in: src/TrackSwap/MainWindow.xaml"
"settings.steamvr.view_raw_steamvr_config","定位 SteamVR 配置","","TrackSwap settings. Used in: src/TrackSwap/MainWindow.xaml"
"settings.title","设置","","TrackSwap settings. Used in: src/TrackSwap/MainWindow.xaml"
"settings.xinput.analog_input_threshold","扳机输入触发阈值","","TrackSwap settings. Used in: src/TrackSwap/MainWindow.xaml"
"settings.xinput.apply_xinput_settings_async.save_xinput_settings_failed","保存 XInput 设置失败","","TrackSwap settings. Used in: src/TrackSwap/MainWindow.xaml.cs"
"settings.xinput.apply_xinput_settings_async.xinput_settings_invalid","XInput 设置无效","","TrackSwap settings. Used in: src/TrackSwap/MainWindow.xaml.cs"
"settings.xinput.begin_xinput_capture.down_trigger_esc_cancel","请按下手柄按钮或扣动扳机；按 Esc 取消","","TrackSwap settings. Used in: src/TrackSwap/MainWindow.xaml.cs"
"settings.xinput.begin_xinput_capture.left_joystick_right_joystick_esc_cancel","请明显推动左摇杆或右摇杆；按 Esc 取消","","TrackSwap settings. Used in: src/TrackSwap/MainWindow.xaml.cs"
"settings.xinput.begin_xinput_capture.waiting_input","等待手柄输入…","","TrackSwap settings. Used in: src/TrackSwap/MainWindow.xaml.cs"
"settings.xinput.capture_prompt","操作手柄以绑定…","","TrackSwap settings. Used in: src/TrackSwap/MainWindow.xaml.cs"
"settings.xinput.count_input_mapping_left_right_virtual_controller","使用 XInput 手柄作为 TrackSwap VR 虚拟控制器输入。","","TrackSwap settings. Used in: src/TrackSwap/MainWindow.xaml"
"settings.xinput.default_touch","默认接触","","TrackSwap settings. Used in: src/TrackSwap/MainWindow.xaml.cs"
"settings.xinput.haptic_mapping","震动映射","","TrackSwap settings. Used in: src/TrackSwap/MainWindow.xaml"
"settings.xinput.initialize_xinput_mapping_options.a","A 键","","TrackSwap settings. Used in: src/TrackSwap/MainWindow.xaml.cs"
"settings.xinput.initialize_xinput_mapping_options.b","B 键","","TrackSwap settings. Used in: src/TrackSwap/MainWindow.xaml.cs"
"settings.xinput.initialize_xinput_mapping_options.default","默认抬起","","TrackSwap settings. Used in: src/TrackSwap/MainWindow.xaml.cs"
"settings.xinput.initialize_xinput_mapping_options.down","方向键 下","","TrackSwap settings. Used in: src/TrackSwap/MainWindow.xaml.cs"
"settings.xinput.initialize_xinput_mapping_options.haptic","统一震动","","TrackSwap settings. Used in: src/TrackSwap/MainWindow.xaml.cs"
"settings.xinput.initialize_xinput_mapping_options.left","方向键 左","","TrackSwap settings. Used in: src/TrackSwap/MainWindow.xaml.cs"
"settings.xinput.initialize_xinput_mapping_options.left_joystick","左摇杆","","TrackSwap settings. Used in: src/TrackSwap/MainWindow.xaml.cs"
"settings.xinput.initialize_xinput_mapping_options.left_joystick_down","左摇杆按下","","TrackSwap settings. Used in: src/TrackSwap/MainWindow.xaml.cs"
"settings.xinput.initialize_xinput_mapping_options.left_lb","左肩键 LB","","TrackSwap settings. Used in: src/TrackSwap/MainWindow.xaml.cs"
"settings.xinput.initialize_xinput_mapping_options.left_trigger_lt","左扳机 LT","","TrackSwap settings. Used in: src/TrackSwap/MainWindow.xaml.cs"
"settings.xinput.initialize_xinput_mapping_options.preserve_hand","保留手别","","TrackSwap settings. Used in: src/TrackSwap/MainWindow.xaml.cs"
"settings.xinput.initialize_xinput_mapping_options.right","方向键 右","","TrackSwap settings. Used in: src/TrackSwap/MainWindow.xaml.cs"
"settings.xinput.initialize_xinput_mapping_options.right_joystick","右摇杆","","TrackSwap settings. Used in: src/TrackSwap/MainWindow.xaml.cs"
"settings.xinput.initialize_xinput_mapping_options.right_joystick_down","右摇杆按下","","TrackSwap settings. Used in: src/TrackSwap/MainWindow.xaml.cs"
"settings.xinput.initialize_xinput_mapping_options.right_rb","右肩键 RB","","TrackSwap settings. Used in: src/TrackSwap/MainWindow.xaml.cs"
"settings.xinput.initialize_xinput_mapping_options.right_trigger_rt","右扳机 RT","","TrackSwap settings. Used in: src/TrackSwap/MainWindow.xaml.cs"
"settings.xinput.initialize_xinput_mapping_options.up","方向键 上","","TrackSwap settings. Used in: src/TrackSwap/MainWindow.xaml.cs"
"settings.xinput.initialize_xinput_mapping_options.view","视图按钮","","TrackSwap settings. Used in: src/TrackSwap/MainWindow.xaml.cs"
"settings.xinput.initialize_xinput_mapping_options.x","X 键","","TrackSwap settings. Used in: src/TrackSwap/MainWindow.xaml.cs"
"settings.xinput.initialize_xinput_mapping_options.y","Y 键","","TrackSwap settings. Used in: src/TrackSwap/MainWindow.xaml.cs"
"settings.xinput.left_right_virtual_controller_haptic_mapping","决定左右虚拟控制器的震动如何映射到 XInput 手柄的两颗震动马达。","","TrackSwap settings. Used in: src/TrackSwap/MainWindow.xaml"
"settings.xinput.lt_rt_mapping_button_input","LT、RT 映射到按键类输入时使用此阈值。","","TrackSwap settings. Used in: src/TrackSwap/MainWindow.xaml"
"settings.xinput.preserve_hand_mirrored","保留手别（镜像）","","TrackSwap settings. Used in: src/TrackSwap/MainWindow.xaml.cs"
"settings.xinput.reset_left_confirmation","确定要将左手的所有 按键绑定 和 触摸辅助 设置恢复为默认值吗？","","TrackSwap settings. Used in: src/TrackSwap/MainWindow.xaml.cs"
"settings.xinput.reset_left_xinput_bindings_button_click.reset_left","重置左手绑定","","TrackSwap settings. Used in: src/TrackSwap/MainWindow.xaml.cs"
"settings.xinput.reset_right_confirmation","确定要将右手的所有 按键绑定 和 触摸辅助 设置恢复为默认值吗？","","TrackSwap settings. Used in: src/TrackSwap/MainWindow.xaml.cs"
"settings.xinput.reset_right_xinput_bindings_button_click.reset_right","重置右手绑定","","TrackSwap settings. Used in: src/TrackSwap/MainWindow.xaml.cs"
"settings.xinput.status.inactive","XInput 未启用。
暂无需要 XInput 的功能。","","TrackSwap settings. Used in: src/TrackSwap/MainWindow.xaml.cs"
"settings.xinput.system_button_output_left","系统键（输出至左手）","","TrackSwap settings. Used in: src/TrackSwap/MainWindow.xaml"
"settings.xinput.update_xinput_status_indicator.waiting_xinput_controller","正在等待 XInput 控制器","","TrackSwap settings. Used in: src/TrackSwap/MainWindow.xaml.cs"
"settings.xinput.update_xinput_status_indicator.xinput_controller_connect","XInput 控制器已连接","","TrackSwap settings. Used in: src/TrackSwap/MainWindow.xaml.cs"
"startup.config","＋ 新建配置","","Application startup and environment checks. Used in: src/TrackSwap/MainWindow.xaml"
"startup.create_item_pose_output_virtual_tracker_replace_device_pose","创建第一条路由后，可将物理位姿输出为虚拟追踪器，或替换现有设备的位姿。","","Application startup and environment checks. Used in: src/TrackSwap/MainWindow.xaml"
"startup.in_progress_connect_runtime_read_config","正在连接 Runtime 并读取本地配置，请稍候。","","Application startup and environment checks. Used in: src/TrackSwap/MainWindow.xaml"
"startup.in_progress_read_config","正在读取配置…","","Application startup and environment checks. Used in: src/TrackSwap/MainWindow.xaml"
"status_bar.osc_status_badge_osc_enable","OSC 未启用","","Bottom status bar. Used in: src/TrackSwap/MainWindow.xaml"
"status_bar.physical_source_hiding_status_device_hide","设备隐藏","","Bottom status bar. Used in: src/TrackSwap/MainWindow.xaml"
"status_bar.runtime_badge_runtime_not_running","Runtime 未运行","","Bottom status bar. Used in: src/TrackSwap/MainWindow.xaml"
"status_bar.xinput_status_badge_xinput_enable","XInput 未启用","","Bottom status bar. Used in: src/TrackSwap/MainWindow.xaml"
"steamvr.error.runtime_path_not_found","未找到 SteamVR Runtime 路径。","","SteamVR integration and maintenance. Used in: src/TrackSwap/Services/OpenVrInterop.cs, src/TrackSwap/Services/SteamVrApplicationService.cs"
"steamvr.restore.stop_first","请先退出 SteamVR 后再恢复","","SteamVR integration and maintenance. Used in: src/TrackSwap/BackupRestoreWindow.xaml.cs"
"steamvr.room_setup.open_failed_title","无法打开房间设置","","SteamVR integration and maintenance. Used in: src/TrackSwap/MainWindow.xaml.cs"
"steamvr.status.not_running","SteamVR 未运行","","SteamVR integration and maintenance. Used in: src/TrackSwap/MainWindow.xaml, src/TrackSwap/MainWindow.xaml.cs"
"steamvr.status.running","SteamVR 正在运行","","SteamVR integration and maintenance. Used in: src/TrackSwap/BackupRestoreWindow.xaml.cs, src/TrackSwap/MainWindow.xaml.cs"
"viewer.eye.both","双眼","","TrackSwap VR picture viewer. Used in: src/TrackSwap/MainWindow.xaml.cs"
"viewer.eye.left","左眼","","TrackSwap VR picture viewer. Used in: src/TrackSwap/MainWindow.xaml.cs"
"viewer.eye.right","右眼","","TrackSwap VR picture viewer. Used in: src/TrackSwap/MainWindow.xaml.cs"
"viewer.fullscreen","全屏","","TrackSwap VR picture viewer. Used in: src/TrackSwap/MainWindow.xaml.cs"
"viewer.open_failed_title","无法打开 VR 视图","","TrackSwap VR picture viewer. Used in: src/TrackSwap/MainWindow.xaml.cs"
"viewer.size.follow","尺寸 跟随窗口","","TrackSwap VR picture viewer. Used in: src/TrackSwap/MainWindow.xaml.cs"
"viewer.size.full_hd","尺寸 1920×1080","","TrackSwap VR picture viewer. Used in: src/TrackSwap/MainWindow.xaml.cs"
"viewer.size.hd","尺寸 1280×720","","TrackSwap VR picture viewer. Used in: src/TrackSwap/MainWindow.xaml.cs"
"viewer.size.quad_hd","尺寸 2560×1440","","TrackSwap VR picture viewer. Used in: src/TrackSwap/MainWindow.xaml.cs"
"viewer.size.source","尺寸 原始","","TrackSwap VR picture viewer. Used in: src/TrackSwap/MainWindow.xaml.cs"
"viewer.status","● {0} FPS   {1}x{2}   跳过 {3} 帧","","TrackSwap VR picture viewer. Used in: src/TrackSwap/DeviceViewerWindow.xaml, src/TrackSwap/DeviceViewerWindow.xaml.cs, src/TrackSwap/MainWindow.xaml.cs"
"viewer.title","TrackSwap VR 视图","","TrackSwap VR picture viewer. Used in: src/TrackSwap/DeviceViewerWindow.xaml, src/TrackSwap/MainWindow.xaml.cs"
"viewer.topmost","置顶","","TrackSwap VR picture viewer. Used in: src/TrackSwap/MainWindow.xaml.cs"
"viewer.waiting_display","等待 SteamVR 虚拟显示…","","TrackSwap VR picture viewer. Used in: src/TrackSwap/MainWindow.xaml.cs"
"viewer.waiting_frame","虚拟头显已连接，等待首帧…","","TrackSwap VR picture viewer. Used in: src/TrackSwap/MainWindow.xaml.cs"
